Cluster ID,Astronomical_Count,Astronomical_Freq,Biological_Count,Biological_Freq,Herbal_Count,Herbal_Freq,Recipes_Count,Recipes_Freq,Rosettes_Count,Rosettes_Freq,Dominant_Section,Dominant_Share
ai,2,6.587615283267457,33,47.826086956521735,5,3.7136066547831255,60,56.15874204417821,17,93.45794392523364,Recipes,0.5128205128205128
al,112,368.9064558629776,79,114.4927536231884,130,96.55377302436126,163,152.5645825533508,32,175.92083562396923,Recipes,0.31589147286821706
am,5,16.46903820816864,7,10.144927536231885,13,9.655377302436126,12,11.231748408835642,2,10.995052226498077,Herbal,0.3333333333333333
an,0,0.0,0,0.0,4,2.9708853238265003,1,0.9359790340696369,0,0.0,Herbal,0.8
ao,2,6.587615283267457,0,0.0,0,0.0,0,0.0,0,0.0,Astronomical,1.0
ar,75,247.03557312252963,85,123.18840579710145,151,112.15092097445039,172,160.98839385997755,60,329.85156679494224,Recipes,0.31675874769797424
as,0,0.0,1,1.4492753623188406,1,0.7427213309566251,0,0.0,0,0.0,Biological,0.5
ay,1,3.2938076416337285,0,0.0,0,0.0,1,0.9359790340696369,0,0.0,Astronomical,0.5
cf,0,0.0,1,1.4492753623188406,0,0.0,3,2.8079371022089106,1,5.497526113249038,Recipes,0.6
ch,1,3.2938076416337285,0,0.0,1,0.7427213309566251,2,1.8719580681392738,1,5.497526113249038,Recipes,0.4
cs,1,3.2938076416337285,0,0.0,0,0.0,0,0.0,1,5.497526113249038,Astronomical,0.5
ct,2,6.587615283267457,0,0.0,1,0.7427213309566251,0,0.0,0,0.0,Astronomical,0.6666666666666666
cy,1,3.2938076416337285,1,1.4492753623188406,3,2.228163992869875,1,0.9359790340696369,0,0.0,Herbal,0.5
da,2,6.587615283267457,0,0.0,3,2.228163992869875,1,0.9359790340696369,0,0.0,Herbal,0.5
dg,1,3.2938076416337285,1,1.4492753623188406,0,0.0,0,0.0,0,0.0,Astronomical,0.5
dl,1,3.2938076416337285,0,0.0,2,1.4854426619132501,5,4.679895170348185,0,0.0,Recipes,0.625
dm,3,9.881422924901186,0,0.0,6,4.45632798573975,1,0.9359790340696369,1,5.497526113249038,Herbal,0.5454545454545454
do,1,3.2938076416337285,0,0.0,5,3.7136066547831255,1,0.9359790340696369,0,0.0,Herbal,0.7142857142857143
dr,1,3.2938076416337285,0,0.0,1,0.7427213309566251,1,0.9359790340696369,0,0.0,Astronomical,0.3333333333333333
ea,4,13.175230566534914,2,2.898550724637681,0,0.0,5,4.679895170348185,1,5.497526113249038,Recipes,0.4166666666666667
eai,0,0.0,0,0.0,1,0.7427213309566251,0,0.0,1,5.497526113249038,Herbal,0.5
eam,0,0.0,0,0.0,0,0.0,1,0.9359790340696369,1,5.497526113249038,Recipes,0.5
earcht,0,0.0,0,0.0,3,2.228163992869875,0,0.0,0,0.0,Herbal,1.0
eas,1,3.2938076416337285,0,0.0,0,0.0,0,0.0,0,0.0,Astronomical,1.0
ec,0,0.0,0,0.0,0,0.0,4,3.7439161362785476,1,5.497526113249038,Recipes,0.8
ech,0,0.0,0,0.0,0,0.0,8,7.487832272557095,1,5.497526113249038,Recipes,0.8888888888888888
eched,0,0.0,0,0.0,1,0.7427213309566251,0,0.0,0,0.0,Herbal,1.0
echo,3,9.881422924901186,0,0.0,1,0.7427213309566251,2,1.8719580681392738,0,0.0,Astronomical,0.5
eck,3,9.881422924901186,0,0.0,0,0.0,0,0.0,0,0.0,Astronomical,1.0
ecs,3,9.881422924901186,0,0.0,0,0.0,0,0.0,0,0.0,Astronomical,1.0
ed,24,79.05138339920948,222,321.7391304347826,81,60.16042780748663,216,202.17147135904156,46,252.88620120945575,Biological,0.3769100169779287
eda,0,0.0,2,2.898550724637681,0,0.0,6,5.615874204417821,0,0.0,Recipes,0.75
edai,0,0.0,0,0.0,0,0.0,0,0.0,1,5.497526113249038,Rosettes,1.0
edala,1,3.2938076416337285,3,4.3478260869565215,0,0.0,3,2.8079371022089106,0,0.0,Biological,0.42857142857142855
edale,0,0.0,0,0.0,3,2.228163992869875,0,0.0,0,0.0,Herbal,1.0
edam,0,0.0,0,0.0,2,1.4854426619132501,1,0.9359790340696369,1,5.497526113249038,Herbal,0.5
edaram,0,0.0,0,0.0,4,2.9708853238265003,7,6.551853238487458,0,0.0,Recipes,0.6363636363636364
edarx,0,0.0,1,1.4492753623188406,0,0.0,3,2.8079371022089106,0,0.0,Recipes,0.75
edch,0,0.0,0,0.0,1,0.7427213309566251,0,0.0,0,0.0,Herbal,1.0
edck,1,3.2938076416337285,0,0.0,1,0.7427213309566251,2,1.8719580681392738,0,0.0,Recipes,0.5
ede,0,0.0,0,0.0,1,0.7427213309566251,0,0.0,0,0.0,Herbal,1.0
edo,0,0.0,0,0.0,1,0.7427213309566251,0,0.0,0,0.0,Herbal,1.0
edom,0,0.0,0,0.0,2,1.4854426619132501,0,0.0,0,0.0,Herbal,1.0
edsh,0,0.0,0,0.0,0,0.0,1,0.9359790340696369,0,0.0,Recipes,1.0
edyda,0,0.0,2,2.898550724637681,2,1.4854426619132501,0,0.0,0,0.0,Biological,0.5
edyg,1,3.2938076416337285,0,0.0,0,0.0,1,0.9359790340696369,0,0.0,Astronomical,0.5
edylkeeo,0,0.0,0,0.0,2,1.4854426619132501,0,0.0,0,0.0,Herbal,1.0
edyok,0,0.0,0,0.0,1,0.7427213309566251,0,0.0,1,5.497526113249038,Herbal,0.5
edyyt,1,3.2938076416337285,0,0.0,2,1.4854426619132501,1,0.9359790340696369,0,0.0,Herbal,0.5
ee,75,247.03557312252963,114,165.2173913043478,83,61.64587046939988,338,316.3609135155372,17,93.45794392523364,Recipes,0.5390749601275917
eea,3,9.881422924901186,0,0.0,2,1.4854426619132501,7,6.551853238487458,2,10.995052226498077,Recipes,0.5
eealk,1,3.2938076416337285,0,0.0,3,2.228163992869875,3,2.8079371022089106,0,0.0,Herbal,0.42857142857142855
eec,0,0.0,1,1.4492753623188406,1,0.7427213309566251,2,1.8719580681392738,0,0.0,Recipes,0.5
eech,0,0.0,0,0.0,0,0.0,2,1.8719580681392738,0,0.0,Recipes,1.0
eeck,1,3.2938076416337285,0,0.0,0,0.0,0,0.0,0,0.0,Astronomical,1.0
eect,1,3.2938076416337285,0,0.0,0,0.0,0,0.0,0,0.0,Astronomical,1.0
eecthe,1,3.2938076416337285,0,0.0,0,0.0,0,0.0,0,0.0,Astronomical,1.0
eed,3,9.881422924901186,0,0.0,0,0.0,1,0.9359790340696369,0,0.0,Astronomical,0.75
eeda,0,0.0,1,1.4492753623188406,0,0.0,5,4.679895170348185,0,0.0,Recipes,0.8333333333333334
eedai,0,0.0,0,0.0,0,0.0,1,0.9359790340696369,0,0.0,Recipes,1.0
eedam,2,6.587615283267457,0,0.0,0,0.0,0,0.0,0,0.0,Astronomical,1.0
eedaram,0,0.0,0,0.0,0,0.0,2,1.8719580681392738,0,0.0,Recipes,1.0
eede,0,0.0,0,0.0,0,0.0,2,1.8719580681392738,0,0.0,Recipes,1.0
eedes,0,0.0,0,0.0,0,0.0,1,0.9359790340696369,2,10.995052226498077,Rosettes,0.6666666666666666
eedo,0,0.0,0,0.0,0,0.0,1,0.9359790340696369,0,0.0,Recipes,1.0
eee,1,3.2938076416337285,0,0.0,1,0.7427213309566251,2,1.8719580681392738,0,0.0,Recipes,0.5
eeed,1,3.2938076416337285,0,0.0,1,0.7427213309566251,4,3.7439161362785476,0,0.0,Recipes,0.6666666666666666
eeeda,0,0.0,1,1.4492753623188406,1,0.7427213309566251,2,1.8719580681392738,0,0.0,Recipes,0.5
eeedam,0,0.0,0,0.0,0,0.0,4,3.7439161362785476,0,0.0,Recipes,1.0
eeedc,1,3.2938076416337285,0,0.0,0,0.0,0,0.0,1,5.497526113249038,Astronomical,0.5
eeeg,4,13.175230566534914,0,0.0,3,2.228163992869875,2,1.8719580681392738,0,0.0,Astronomical,0.4444444444444444
eeek,1,3.2938076416337285,0,0.0,4,2.9708853238265003,2,1.8719580681392738,2,10.995052226498077,Herbal,0.4444444444444444
eeeo,1,3.2938076416337285,0,0.0,0,0.0,2,1.8719580681392738,1,5.497526113249038,Recipes,0.5
eeeoc,1,3.2938076416337285,0,0.0,0,0.0,1,0.9359790340696369,3,16.492578339747116,Rosettes,0.6
eeeod,0,0.0,0,0.0,1,0.7427213309566251,0,0.0,0,0.0,Herbal,1.0
eeeoda,2,6.587615283267457,0,0.0,0,0.0,0,0.0,0,0.0,Astronomical,1.0
eeeos,0,0.0,2,2.898550724637681,1,0.7427213309566251,0,0.0,0,0.0,Biological,0.6666666666666666
eees,1,3.2938076416337285,1,1.4492753623188406,9,6.684491978609625,10,9.35979034069637,4,21.990104452996153,Recipes,0.4
eeesa,0,0.0,1,1.4492753623188406,2,1.4854426619132501,1,0.9359790340696369,0,0.0,Herbal,0.5
eeo,3,9.881422924901186,0,0.0,3,2.228163992869875,8,7.487832272557095,0,0.0,Recipes,0.5714285714285714
eeoa,0,0.0,1,1.4492753623188406,1,0.7427213309566251,3,2.8079371022089106,0,0.0,Recipes,0.6
eeod,0,0.0,0,0.0,2,1.4854426619132501,0,0.0,0,0.0,Herbal,1.0
eeoda,0,0.0,0,0.0,1,0.7427213309566251,0,0.0,0,0.0,Herbal,1.0
eeodai,0,0.0,0,0.0,0,0.0,1,0.9359790340696369,1,5.497526113249038,Recipes,0.5
eeodam,0,0.0,0,0.0,1,0.7427213309566251,0,0.0,0,0.0,Herbal,1.0
eeodct,3,9.881422924901186,0,0.0,1,0.7427213309566251,0,0.0,0,0.0,Astronomical,0.75
eeodo,0,0.0,0,0.0,1,0.7427213309566251,0,0.0,0,0.0,Herbal,1.0
eeoeet,2,6.587615283267457,0,0.0,0,0.0,0,0.0,0,0.0,Astronomical,1.0
eeok,1,3.2938076416337285,0,0.0,2,1.4854426619132501,1,0.9359790340696369,0,0.0,Herbal,0.5
eeolc,0,0.0,0,0.0,0,0.0,1,0.9359790340696369,0,0.0,Recipes,1.0
eeols,0,0.0,0,0.0,1,0.7427213309566251,0,0.0,0,0.0,Herbal,1.0
eeos,1,3.2938076416337285,0,0.0,6,4.45632798573975,5,4.679895170348185,1,5.497526113249038,Herbal,0.46153846153846156
eeosa,0,0.0,0,0.0,1,0.7427213309566251,0,0.0,0,0.0,Herbal,1.0
eeot,2,6.587615283267457,0,0.0,1,0.7427213309566251,0,0.0,0,0.0,Astronomical,0.6666666666666666
eepc,1,3.2938076416337285,0,0.0,0,0.0,0,0.0,0,0.0,Astronomical,1.0
ees,3,9.881422924901186,1,1.4492753623188406,0,0.0,3,2.8079371022089106,4,21.990104452996153,Rosettes,0.36363636363636365
eesa,2,6.587615283267457,0,0.0,0,0.0,0,0.0,0,0.0,Astronomical,1.0
eesd,1,3.2938076416337285,0,0.0,0,0.0,0,0.0,0,0.0,Astronomical,1.0
eese,1,3.2938076416337285,0,0.0,0,0.0,0,0.0,0,0.0,Astronomical,1.0
eesh,1,3.2938076416337285,0,0.0,1,0.7427213309566251,3,2.8079371022089106,2,10.995052226498077,Recipes,0.42857142857142855
eesho,0,0.0,0,0.0,1,0.7427213309566251,0,0.0,0,0.0,Herbal,1.0
eeso,0,0.0,0,0.0,2,1.4854426619132501,1,0.9359790340696369,0,0.0,Herbal,0.6666666666666666
eesos,0,0.0,0,0.0,4,2.9708853238265003,1,0.9359790340696369,1,5.497526113249038,Herbal,0.6666666666666666
eetees,2,6.587615283267457,0,0.0,1,0.7427213309566251,0,0.0,0,0.0,Astronomical,0.6666666666666666
ef,2,6.587615283267457,0,0.0,2,1.4854426619132501,2,1.8719580681392738,0,0.0,Astronomical,0.3333333333333333
efom,0,0.0,0,0.0,1,0.7427213309566251,0,0.0,0,0.0,Herbal,1.0
eg,5,16.46903820816864,2,2.898550724637681,0,0.0,1,0.9359790340696369,0,0.0,Astronomical,0.625
eh,0,0.0,0,0.0,1,0.7427213309566251,0,0.0,0,0.0,Herbal,1.0
ei,1,3.2938076416337285,0,0.0,0,0.0,0,0.0,0,0.0,Astronomical,1.0
eieda,1,3.2938076416337285,0,0.0,0,0.0,0,0.0,0,0.0,Astronomical,1.0
ek,6,19.76284584980237,4,5.797101449275362,1,0.7427213309566251,2,1.8719580681392738,0,0.0,Astronomical,0.46153846153846156
eka,2,6.587615283267457,0,0.0,3,2.228163992869875,0,0.0,0,0.0,Herbal,0.6
ekais,1,3.2938076416337285,0,0.0,0,0.0,0,0.0,0,0.0,Astronomical,1.0
ekc,0,0.0,0,0.0,0,0.0,2,1.8719580681392738,0,0.0,Recipes,1.0
ekch,2,6.587615283267457,0,0.0,0,0.0,0,0.0,0,0.0,Astronomical,1.0
eke,3,9.881422924901186,1,1.4492753623188406,2,1.4854426619132501,2,1.8719580681392738,0,0.0,Astronomical,0.375
ekea,3,9.881422924901186,0,0.0,0,0.0,1,0.9359790340696369,0,0.0,Astronomical,0.75
ekee,0,0.0,0,0.0,0,0.0,2,1.8719580681392738,0,0.0,Recipes,1.0
ekeeo,2,6.587615283267457,2,2.898550724637681,0,0.0,3,2.8079371022089106,0,0.0,Recipes,0.42857142857142855
ekees,2,6.587615283267457,0,0.0,1,0.7427213309566251,0,0.0,2,10.995052226498077,Astronomical,0.4
ekeo,1,3.2938076416337285,0,0.0,1,0.7427213309566251,2,1.8719580681392738,2,10.995052226498077,Recipes,0.3333333333333333
ekes,1,3.2938076416337285,0,0.0,0,0.0,0,0.0,0,0.0,Astronomical,1.0
eko,0,0.0,0,0.0,1,0.7427213309566251,0,0.0,0,0.0,Herbal,1.0
ekoke,0,0.0,0,0.0,1,0.7427213309566251,2,1.8719580681392738,0,0.0,Recipes,0.6666666666666666
eksh,1,3.2938076416337285,0,0.0,0,0.0,0,0.0,0,0.0,Astronomical,1.0
el,1,3.2938076416337285,0,0.0,0,0.0,0,0.0,0,0.0,Astronomical,1.0
en,2,6.587615283267457,3,4.3478260869565215,7,5.199049316696375,3,2.8079371022089106,1,5.497526113249038,Herbal,0.4375
eo,43,141.6337285902503,6,8.695652173913043,98,72.78669043374926,36,33.69524522650693,1,5.497526113249038,Herbal,0.532608695652174
eoa,2,6.587615283267457,0,0.0,0,0.0,1,0.9359790340696369,0,0.0,Astronomical,0.6666666666666666
eod,2,6.587615283267457,0,0.0,0,0.0,1,0.9359790340696369,1,5.497526113249038,Astronomical,0.5
eoda,4,13.175230566534914,0,0.0,5,3.7136066547831255,0,0.0,0,0.0,Herbal,0.5555555555555556
eodaro,0,0.0,0,0.0,0,0.0,1,0.9359790340696369,0,0.0,Recipes,1.0
eodeea,1,3.2938076416337285,0,0.0,0,0.0,1,0.9359790340696369,0,0.0,Astronomical,0.5
eodoiinsaroqoches,0,0.0,2,2.898550724637681,3,2.228163992869875,6,5.615874204417821,0,0.0,Recipes,0.5454545454545454
eodychoda,1,3.2938076416337285,0,0.0,2,1.4854426619132501,0,0.0,0,0.0,Herbal,0.6666666666666666
eoede,1,3.2938076416337285,1,1.4492753623188406,0,0.0,0,0.0,0,0.0,Astronomical,0.5
eoees,1,3.2938076416337285,0,0.0,1,0.7427213309566251,4,3.7439161362785476,0,0.0,Recipes,0.6666666666666666
eoef,0,0.0,0,0.0,2,1.4854426619132501,0,0.0,0,0.0,Herbal,1.0
eoek,3,9.881422924901186,0,0.0,0,0.0,0,0.0,0,0.0,Astronomical,1.0
eog,1,3.2938076416337285,0,0.0,0,0.0,0,0.0,0,0.0,Astronomical,1.0
eok,1,3.2938076416337285,0,0.0,1,0.7427213309566251,0,0.0,0,0.0,Astronomical,0.5
eoke,0,0.0,0,0.0,1,0.7427213309566251,1,0.9359790340696369,0,0.0,Herbal,0.5
eola,5,16.46903820816864,0,0.0,3,2.228163992869875,7,6.551853238487458,2,10.995052226498077,Recipes,0.4117647058823529
eold,2,6.587615283267457,0,0.0,3,2.228163992869875,0,0.0,0,0.0,Herbal,0.6
eolkech,1,3.2938076416337285,0,0.0,0,0.0,0,0.0,0,0.0,Astronomical,1.0
eolo,1,3.2938076416337285,0,0.0,1,0.7427213309566251,0,0.0,0,0.0,Astronomical,0.5
eoloqoke,0,0.0,0,0.0,0,0.0,1,0.9359790340696369,1,5.497526113249038,Recipes,0.5
eoloteeo,0,0.0,0,0.0,1,0.7427213309566251,0,0.0,0,0.0,Herbal,1.0
eom,3,9.881422924901186,0,0.0,1,0.7427213309566251,1,0.9359790340696369,0,0.0,Astronomical,0.6
eoo,0,0.0,0,0.0,0,0.0,1,0.9359790340696369,0,0.0,Recipes,1.0
eop,1,3.2938076416337285,0,0.0,2,1.4854426619132501,0,0.0,0,0.0,Herbal,0.6666666666666666
eoporc,1,3.2938076416337285,0,0.0,0,0.0,0,0.0,1,5.497526113249038,Astronomical,0.5
eos,4,13.175230566534914,0,0.0,0,0.0,1,0.9359790340696369,0,0.0,Astronomical,0.8
eosa,0,0.0,0,0.0,1,0.7427213309566251,0,0.0,0,0.0,Herbal,1.0
eoshe,1,3.2938076416337285,0,0.0,2,1.4854426619132501,0,0.0,0,0.0,Herbal,0.6666666666666666
eosshodai,0,0.0,0,0.0,3,2.228163992869875,4,3.7439161362785476,0,0.0,Recipes,0.5714285714285714
eoteo,1,3.2938076416337285,0,0.0,0,0.0,0,0.0,0,0.0,Astronomical,1.0
ep,0,0.0,1,1.4492753623188406,4,2.9708853238265003,0,0.0,0,0.0,Herbal,0.8
epa,1,3.2938076416337285,0,0.0,1,0.7427213309566251,0,0.0,0,0.0,Astronomical,0.5
epc,0,0.0,0,0.0,1,0.7427213309566251,1,0.9359790340696369,0,0.0,Herbal,0.5
epch,0,0.0,0,0.0,1,0.7427213309566251,0,0.0,1,5.497526113249038,Herbal,0.5
epcho,1,3.2938076416337285,0,0.0,0,0.0,0,0.0,0,0.0,Astronomical,1.0
epo,0,0.0,0,0.0,0,0.0,0,0.0,1,5.497526113249038,Rosettes,1.0
epoep,0,0.0,0,0.0,0,0.0,1,0.9359790340696369,0,0.0,Recipes,1.0
epsh,0,0.0,1,1.4492753623188406,0,0.0,0,0.0,0,0.0,Biological,1.0
er,1,3.2938076416337285,0,0.0,0,0.0,2,1.8719580681392738,0,0.0,Recipes,0.6666666666666666
ere,1,3.2938076416337285,0,0.0,0,0.0,0,0.0,0,0.0,Astronomical,1.0
es,15,49.40711462450593,1,1.4492753623188406,18,13.36898395721925,4,3.7439161362785476,0,0.0,Herbal,0.47368421052631576
esa,0,0.0,0,0.0,0,0.0,1,0.9359790340696369,0,0.0,Recipes,1.0
esea,0,0.0,0,0.0,2,1.4854426619132501,0,0.0,0,0.0,Herbal,1.0
esecho,0,0.0,0,0.0,2,1.4854426619132501,1,0.9359790340696369,0,0.0,Herbal,0.6666666666666666
esesche,3,9.881422924901186,0,0.0,1,0.7427213309566251,0,0.0,0,0.0,Astronomical,0.75
eshed,0,0.0,0,0.0,0,0.0,1,0.9359790340696369,0,0.0,Recipes,1.0
eshs,2,6.587615283267457,0,0.0,0,0.0,1,0.9359790340696369,0,0.0,Astronomical,0.6666666666666666
eso,1,3.2938076416337285,0,0.0,0,0.0,0,0.0,0,0.0,Astronomical,1.0
esod,1,3.2938076416337285,0,0.0,0,0.0,0,0.0,0,0.0,Astronomical,1.0
et,0,0.0,5,7.246376811594203,4,2.9708853238265003,6,5.615874204417821,0,0.0,Recipes,0.4
eta,2,6.587615283267457,0,0.0,0,0.0,2,1.8719580681392738,0,0.0,Astronomical,0.5
etc,0,0.0,0,0.0,1,0.7427213309566251,0,0.0,0,0.0,Herbal,1.0
etcha,0,0.0,0,0.0,0,0.0,1,0.9359790340696369,0,0.0,Recipes,1.0
ete,3,9.881422924901186,0,0.0,1,0.7427213309566251,2,1.8719580681392738,0,0.0,Astronomical,0.5
eteed,1,3.2938076416337285,0,0.0,0,0.0,0,0.0,0,0.0,Astronomical,1.0
eteo,1,3.2938076416337285,0,0.0,0,0.0,0,0.0,0,0.0,Astronomical,1.0
eteos,1,3.2938076416337285,0,0.0,0,0.0,0,0.0,0,0.0,Astronomical,1.0
etocho,1,3.2938076416337285,0,0.0,0,0.0,0,0.0,0,0.0,Astronomical,1.0
etoteea,5,16.46903820816864,2,2.898550724637681,0,0.0,1,0.9359790340696369,0,0.0,Astronomical,0.625
ey,55,181.1594202898551,349,505.7971014492754,204,151.51515151515153,209,195.6196181205541,45,247.3886750962067,Biological,0.4048723897911833
eydsheog,0,0.0,0,0.0,1,0.7427213309566251,0,0.0,0,0.0,Herbal,1.0
eyke,3,9.881422924901186,0,0.0,0,0.0,1,0.9359790340696369,0,0.0,Astronomical,0.75
eyotchod,0,0.0,0,0.0,1,0.7427213309566251,0,0.0,0,0.0,Herbal,1.0
eys,5,16.46903820816864,0,0.0,1,0.7427213309566251,0,0.0,0,0.0,Astronomical,0.8333333333333334
eyytche,0,0.0,0,0.0,1,0.7427213309566251,0,0.0,0,0.0,Herbal,1.0
fa,2,6.587615283267457,1,1.4492753623188406,1,0.7427213309566251,0,0.0,0,0.0,Astronomical,0.5
facfom,3,9.881422924901186,0,0.0,1,0.7427213309566251,0,0.0,0,0.0,Astronomical,0.75
fadai,0,0.0,0,0.0,2,1.4854426619132501,0,0.0,0,0.0,Herbal,1.0
faiino,0,0.0,0,0.0,0,0.0,1,0.9359790340696369,0,0.0,Recipes,1.0
faiira,0,0.0,0,0.0,0,0.0,1,0.9359790340696369,0,0.0,Recipes,1.0
faiis,0,0.0,0,0.0,4,2.9708853238265003,0,0.0,0,0.0,Herbal,1.0
faka,0,0.0,0,0.0,2,1.4854426619132501,1,0.9359790340696369,0,0.0,Herbal,0.6666666666666666
fala,4,13.175230566534914,0,0.0,2,1.4854426619132501,0,0.0,1,5.497526113249038,Astronomical,0.5714285714285714
falals,3,9.881422924901186,0,0.0,2,1.4854426619132501,0,0.0,0,0.0,Astronomical,0.6
faldo,0,0.0,0,0.0,1,0.7427213309566251,0,0.0,0,0.0,Herbal,1.0
farala,2,6.587615283267457,0,0.0,0,0.0,0,0.0,0,0.0,Astronomical,1.0
faram,3,9.881422924901186,0,0.0,1,0.7427213309566251,0,0.0,0,0.0,Astronomical,0.75
fas,1,3.2938076416337285,0,0.0,0,0.0,0,0.0,0,0.0,Astronomical,1.0
fc,0,0.0,0,0.0,3,2.228163992869875,0,0.0,0,0.0,Herbal,1.0
fch,3,9.881422924901186,12,17.391304347826086,10,7.427213309566251,18,16.847622613253463,3,16.492578339747116,Recipes,0.391304347826087
fcha,0,0.0,0,0.0,1,0.7427213309566251,1,0.9359790340696369,0,0.0,Herbal,0.5
fchcf,0,0.0,0,0.0,0,0.0,0,0.0,1,5.497526113249038,Rosettes,1.0
fchcho,1,3.2938076416337285,0,0.0,4,2.9708853238265003,0,0.0,1,5.497526113249038,Herbal,0.6666666666666666
fchda,4,13.175230566534914,1,1.4492753623188406,1,0.7427213309566251,2,1.8719580681392738,0,0.0,Astronomical,0.5
fche,1,3.2938076416337285,0,0.0,0,0.0,3,2.8079371022089106,0,0.0,Recipes,0.75
fcheda,0,0.0,0,0.0,0,0.0,4,3.7439161362785476,0,0.0,Recipes,1.0
fcheeo,0,0.0,0,0.0,0,0.0,2,1.8719580681392738,0,0.0,Recipes,1.0
fcheep,0,0.0,1,1.4492753623188406,3,2.228163992869875,1,0.9359790340696369,0,0.0,Herbal,0.6
fchees,1,3.2938076416337285,0,0.0,0,0.0,0,0.0,0,0.0,Astronomical,1.0
fchek,2,6.587615283267457,0,0.0,2,1.4854426619132501,2,1.8719580681392738,2,10.995052226498077,Astronomical,0.25
fcheo,3,9.881422924901186,0,0.0,3,2.228163992869875,4,3.7439161362785476,1,5.497526113249038,Recipes,0.36363636363636365
fcheod,1,3.2938076416337285,0,0.0,0,0.0,0,0.0,0,0.0,Astronomical,1.0
fcho,1,3.2938076416337285,0,0.0,2,1.4854426619132501,0,0.0,0,0.0,Herbal,0.6666666666666666
fchoda,0,0.0,0,0.0,1,0.7427213309566251,0,0.0,0,0.0,Herbal,1.0
fchorqoka,0,0.0,0,0.0,1,0.7427213309566251,0,0.0,0,0.0,Herbal,1.0
fchso,2,6.587615283267457,0,0.0,0,0.0,0,0.0,0,0.0,Astronomical,1.0
fchsom,0,0.0,0,0.0,0,0.0,0,0.0,1,5.497526113249038,Rosettes,1.0
fdeech,0,0.0,0,0.0,1,0.7427213309566251,1,0.9359790340696369,0,0.0,Herbal,0.5
fh,0,0.0,0,0.0,5,3.7136066547831255,7,6.551853238487458,1,5.497526113249038,Recipes,0.5384615384615384
fham,1,3.2938076416337285,0,0.0,3,2.228163992869875,1,0.9359790340696369,0,0.0,Herbal,0.6
fhhg,0,0.0,0,0.0,1,0.7427213309566251,0,0.0,0,0.0,Herbal,1.0
fho,0,0.0,0,0.0,2,1.4854426619132501,0,0.0,0,0.0,Herbal,1.0
fhoa,0,0.0,0,0.0,1,0.7427213309566251,0,0.0,0,0.0,Herbal,1.0
fo,1,3.2938076416337285,2,2.898550724637681,3,2.228163992869875,1,0.9359790340696369,1,5.497526113249038,Herbal,0.375
focho,0,0.0,0,0.0,1,0.7427213309566251,0,0.0,0,0.0,Herbal,1.0
fochof,0,0.0,0,0.0,1,0.7427213309566251,0,0.0,0,0.0,Herbal,1.0
fod,0,0.0,0,0.0,0,0.0,2,1.8719580681392738,3,16.492578339747116,Rosettes,0.6
foda,0,0.0,0,0.0,0,0.0,2,1.8719580681392738,0,0.0,Recipes,1.0
fodanyksh,0,0.0,2,2.898550724637681,2,1.4854426619132501,2,1.8719580681392738,1,5.497526113249038,Biological,0.2857142857142857
folsho,0,0.0,0,0.0,3,2.228163992869875,0,0.0,0,0.0,Herbal,1.0
forom,0,0.0,1,1.4492753623188406,1,0.7427213309566251,0,0.0,0,0.0,Biological,0.5
fos,0,0.0,2,2.898550724637681,0,0.0,0,0.0,0,0.0,Biological,1.0
fseod,0,0.0,0,0.0,2,1.4854426619132501,0,0.0,0,0.0,Herbal,1.0
fsh,3,9.881422924901186,1,1.4492753623188406,0,0.0,0,0.0,0,0.0,Astronomical,0.75
fshed,0,0.0,1,1.4492753623188406,6,4.45632798573975,1,0.9359790340696369,1,5.497526113249038,Herbal,0.6666666666666666
fsheda,0,0.0,0,0.0,0,0.0,1,0.9359790340696369,0,0.0,Recipes,1.0
fsho,0,0.0,0,0.0,1,0.7427213309566251,0,0.0,0,0.0,Herbal,1.0
fy,0,0.0,0,0.0,0,0.0,1,0.9359790340696369,1,5.497526113249038,Recipes,0.5
fych,0,0.0,0,0.0,1,0.7427213309566251,0,0.0,0,0.0,Herbal,1.0
fysh,0,0.0,1,1.4492753623188406,2,1.4854426619132501,1,0.9359790340696369,2,10.995052226498077,Herbal,0.3333333333333333
fyskyda,0,0.0,0,0.0,1,0.7427213309566251,0,0.0,0,0.0,Herbal,1.0
geeem,1,3.2938076416337285,0,0.0,0,0.0,0,0.0,0,0.0,Astronomical,1.0
geom,1,3.2938076416337285,0,0.0,0,0.0,0,0.0,1,5.497526113249038,Astronomical,0.5
ha,1,3.2938076416337285,1,1.4492753623188406,1,0.7427213309566251,2,1.8719580681392738,0,0.0,Recipes,0.4
haii,1,3.2938076416337285,0,0.0,3,2.228163992869875,0,0.0,0,0.0,Herbal,0.75
hc,0,0.0,1,1.4492753623188406,3,2.228163992869875,1,0.9359790340696369,1,5.497526113249038,Herbal,0.5
hd,2,6.587615283267457,2,2.898550724637681,5,3.7136066547831255,5,4.679895170348185,0,0.0,Herbal,0.35714285714285715
hda,2,6.587615283267457,0,0.0,0,0.0,0,0.0,0,0.0,Astronomical,1.0
hdait,0,0.0,1,1.4492753623188406,2,1.4854426619132501,1,0.9359790340696369,0,0.0,Herbal,0.5
hdc,0,0.0,0,0.0,1,0.7427213309566251,0,0.0,0,0.0,Herbal,1.0
hdd,3,9.881422924901186,2,2.898550724637681,2,1.4854426619132501,2,1.8719580681392738,0,0.0,Astronomical,0.3333333333333333
hdo,0,0.0,0,0.0,3,2.228163992869875,0,0.0,1,5.497526113249038,Herbal,0.75
hdoto,1,3.2938076416337285,0,0.0,1,0.7427213309566251,0,0.0,0,0.0,Astronomical,0.5
he,4,13.175230566534914,3,4.3478260869565215,8,5.941770647653001,5,4.679895170348185,1,5.497526113249038,Herbal,0.38095238095238093
hea,0,0.0,0,0.0,0,0.0,1,0.9359790340696369,0,0.0,Recipes,1.0
heckhycheo,1,3.2938076416337285,2,2.898550724637681,1,0.7427213309566251,0,0.0,1,5.497526113249038,Biological,0.4
hek,1,3.2938076416337285,1,1.4492753623188406,0,0.0,4,3.7439161362785476,1,5.497526113249038,Recipes,0.5714285714285714
heo,0,0.0,0,0.0,4,2.9708853238265003,2,1.8719580681392738,0,0.0,Herbal,0.6666666666666666
heod,0,0.0,0,0.0,1,0.7427213309566251,0,0.0,0,0.0,Herbal,1.0
hg,0,0.0,0,0.0,0,0.0,1,0.9359790340696369,0,0.0,Recipes,1.0
hh,3,9.881422924901186,1,1.4492753623188406,1,0.7427213309566251,2,1.8719580681392738,0,0.0,Astronomical,0.42857142857142855
hl,0,0.0,4,5.797101449275362,1,0.7427213309566251,7,6.551853238487458,0,0.0,Recipes,0.5833333333333334
hm,1,3.2938076416337285,0,0.0,0,0.0,0,0.0,0,0.0,Astronomical,1.0
ho,6,19.76284584980237,5,7.246376811594203,24,17.825311942959,12,11.231748408835642,3,16.492578339747116,Herbal,0.48
hoa,0,0.0,1,1.4492753623188406,1,0.7427213309566251,1,0.9359790340696369,0,0.0,Biological,0.3333333333333333
hoalda,1,3.2938076416337285,0,0.0,1,0.7427213309566251,0,0.0,0,0.0,Astronomical,0.5
hoc,2,6.587615283267457,1,1.4492753623188406,6,4.45632798573975,4,3.7439161362785476,0,0.0,Herbal,0.46153846153846156
hoct,1,3.2938076416337285,0,0.0,1,0.7427213309566251,1,0.9359790340696369,0,0.0,Astronomical,0.3333333333333333
hod,1,3.2938076416337285,0,0.0,2,1.4854426619132501,0,0.0,0,0.0,Herbal,0.6666666666666666
hodaiils,0,0.0,0,0.0,2,1.4854426619132501,0,0.0,0,0.0,Herbal,1.0
hooshot,0,0.0,0,0.0,1,0.7427213309566251,0,0.0,0,0.0,Herbal,1.0
horaii,1,3.2938076416337285,0,0.0,4,2.9708853238265003,1,0.9359790340696369,0,0.0,Herbal,0.6666666666666666
hos,2,6.587615283267457,0,0.0,4,2.9708853238265003,0,0.0,0,0.0,Herbal,0.6666666666666666
hr,1,3.2938076416337285,1,1.4492753623188406,3,2.228163992869875,8,7.487832272557095,0,0.0,Recipes,0.6153846153846154
hs,4,13.175230566534914,1,1.4492753623188406,4,2.9708853238265003,2,1.8719580681392738,2,10.995052226498077,Astronomical,0.3076923076923077
hx,0,0.0,0,0.0,0,0.0,2,1.8719580681392738,0,0.0,Recipes,1.0
hy,39,128.4584980237154,44,63.768115942028984,172,127.74806892453951,92,86.11007113440658,20,109.95052226498075,Herbal,0.46866485013623976
hyd,1,3.2938076416337285,1,1.4492753623188406,0,0.0,0,0.0,0,0.0,Astronomical,0.5
hyds,0,0.0,0,0.0,4,2.9708853238265003,1,0.9359790340696369,0,0.0,Herbal,0.8
hyockho,0,0.0,0,0.0,2,1.4854426619132501,0,0.0,0,0.0,Herbal,1.0
hyok,0,0.0,0,0.0,1,0.7427213309566251,0,0.0,0,0.0,Herbal,1.0
hyot,0,0.0,0,0.0,1,0.7427213309566251,0,0.0,0,0.0,Herbal,1.0
hyysai,0,0.0,0,0.0,5,3.7136066547831255,0,0.0,0,0.0,Herbal,1.0
iees,0,0.0,0,0.0,1,0.7427213309566251,0,0.0,0,0.0,Herbal,1.0
ii,6,19.76284584980237,3,4.3478260869565215,19,14.111705288175877,18,16.847622613253463,3,16.492578339747116,Herbal,0.3877551020408163
iiio,1,3.2938076416337285,0,0.0,0,0.0,0,0.0,0,0.0,Astronomical,1.0
iilo,0,0.0,0,0.0,0,0.0,1,0.9359790340696369,0,0.0,Recipes,1.0
iinchoda,0,0.0,0,0.0,2,1.4854426619132501,1,0.9359790340696369,0,0.0,Herbal,0.6666666666666666
iine,0,0.0,0,0.0,1,0.7427213309566251,0,0.0,0,0.0,Herbal,1.0
iis,0,0.0,1,1.4492753623188406,0,0.0,0,0.0,0,0.0,Biological,1.0
iisoo,1,3.2938076416337285,0,0.0,1,0.7427213309566251,2,1.8719580681392738,0,0.0,Recipes,0.5
ik,0,0.0,3,4.3478260869565215,1,0.7427213309566251,5,4.679895170348185,0,0.0,Recipes,0.5555555555555556
ika,2,6.587615283267457,0,0.0,2,1.4854426619132501,1,0.9359790340696369,1,5.497526113249038,Astronomical,0.3333333333333333
ike,8,26.350461133069828,0,0.0,1,0.7427213309566251,2,1.8719580681392738,0,0.0,Astronomical,0.7272727272727273
il,2,6.587615283267457,0,0.0,0,0.0,2,1.8719580681392738,0,0.0,Astronomical,0.5
im,1,3.2938076416337285,0,0.0,2,1.4854426619132501,6,5.615874204417821,0,0.0,Recipes,0.6666666666666666
ima,2,6.587615283267457,0,0.0,0,0.0,0,0.0,0,0.0,Astronomical,1.0
in,75,247.03557312252963,169,244.92753623188406,357,265.1515151515152,388,363.15986521901914,89,489.27982407916437,Recipes,0.35992578849721707
inch,0,0.0,0,0.0,1,0.7427213309566251,0,0.0,0,0.0,Herbal,1.0
incho,0,0.0,0,0.0,1,0.7427213309566251,0,0.0,0,0.0,Herbal,1.0
inchota,0,0.0,0,0.0,0,0.0,0,0.0,1,5.497526113249038,Rosettes,1.0
inda,0,0.0,2,2.898550724637681,1,0.7427213309566251,0,0.0,4,21.990104452996153,Rosettes,0.5714285714285714
inok,0,0.0,1,1.4492753623188406,2,1.4854426619132501,2,1.8719580681392738,0,0.0,Herbal,0.4
inotch,0,0.0,0,0.0,4,2.9708853238265003,1,0.9359790340696369,0,0.0,Herbal,0.8
inotsho,0,0.0,0,0.0,1,0.7427213309566251,1,0.9359790340696369,0,0.0,Herbal,0.5
insh,0,0.0,0,0.0,4,2.9708853238265003,1,0.9359790340696369,0,0.0,Herbal,0.8
insoleeg,0,0.0,0,0.0,4,2.9708853238265003,1,0.9359790340696369,0,0.0,Herbal,0.8
inych,0,0.0,0,0.0,1,0.7427213309566251,0,0.0,0,0.0,Herbal,1.0
ipc,2,6.587615283267457,0,0.0,1,0.7427213309566251,0,0.0,0,0.0,Astronomical,0.6666666666666666
ir,4,13.175230566534914,1,1.4492753623188406,0,0.0,7,6.551853238487458,2,10.995052226498077,Recipes,0.5
ira,1,3.2938076416337285,1,1.4492753623188406,0,0.0,2,1.8719580681392738,0,0.0,Recipes,0.5
iram,0,0.0,0,0.0,2,1.4854426619132501,0,0.0,0,0.0,Herbal,1.0
irsg,2,6.587615283267457,0,0.0,0,0.0,0,0.0,0,0.0,Astronomical,1.0
is,2,6.587615283267457,1,1.4492753623188406,1,0.7427213309566251,0,0.0,0,0.0,Astronomical,0.5
it,1,3.2938076416337285,0,0.0,0,0.0,0,0.0,0,0.0,Astronomical,1.0
iy,1,3.2938076416337285,0,0.0,0,0.0,0,0.0,0,0.0,Astronomical,1.0
ka,2,6.587615283267457,0,0.0,1,0.7427213309566251,0,0.0,0,0.0,Astronomical,0.6666666666666666
ke,0,0.0,1,1.4492753623188406,2,1.4854426619132501,2,1.8719580681392738,0,0.0,Herbal,0.4
kh,5,16.46903820816864,0,0.0,1,0.7427213309566251,0,0.0,0,0.0,Astronomical,0.8333333333333334
kl,0,0.0,2,2.898550724637681,2,1.4854426619132501,0,0.0,0,0.0,Biological,0.5
ko,3,9.881422924901186,1,1.4492753623188406,1,0.7427213309566251,0,0.0,0,0.0,Astronomical,0.6
ky,2,6.587615283267457,9,13.043478260869566,13,9.655377302436126,12,11.231748408835642,1,5.497526113249038,Herbal,0.35135135135135137
la,2,6.587615283267457,0,0.0,2,1.4854426619132501,0,0.0,0,0.0,Astronomical,0.5
ld,1,3.2938076416337285,0,0.0,5,3.7136066547831255,1,0.9359790340696369,0,0.0,Herbal,0.7142857142857143
le,1,3.2938076416337285,0,0.0,0,0.0,0,0.0,0,0.0,Astronomical,1.0
lg,1,3.2938076416337285,0,0.0,0,0.0,0,0.0,0,0.0,Astronomical,1.0
lk,3,9.881422924901186,0,0.0,0,0.0,0,0.0,0,0.0,Astronomical,1.0
ll,0,0.0,0,0.0,0,0.0,3,2.8079371022089106,0,0.0,Recipes,1.0
lm,1,3.2938076416337285,0,0.0,0,0.0,0,0.0,0,0.0,Astronomical,1.0
lo,1,3.2938076416337285,2,2.898550724637681,3,2.228163992869875,0,0.0,3,16.492578339747116,Herbal,0.3333333333333333
lp,0,0.0,2,2.898550724637681,0,0.0,0,0.0,0,0.0,Biological,1.0
lr,0,0.0,1,1.4492753623188406,2,1.4854426619132501,6,5.615874204417821,1,5.497526113249038,Recipes,0.6
ls,5,16.46903820816864,1,1.4492753623188406,2,1.4854426619132501,4,3.7439161362785476,0,0.0,Astronomical,0.4166666666666667
ly,10,32.93807641633728,4,5.797101449275362,2,1.4854426619132501,3,2.8079371022089106,0,0.0,Astronomical,0.5263157894736842
mc,4,13.175230566534914,0,0.0,1,0.7427213309566251,0,0.0,0,0.0,Astronomical,0.8
mchd,0,0.0,0,0.0,0,0.0,2,1.8719580681392738,0,0.0,Recipes,1.0
mcho,0,0.0,0,0.0,4,2.9708853238265003,0,0.0,0,0.0,Herbal,1.0
md,1,3.2938076416337285,0,0.0,0,0.0,3,2.8079371022089106,1,5.497526113249038,Recipes,0.6
mkcheo,0,0.0,6,8.695652173913043,6,4.45632798573975,13,12.16772744290528,0,0.0,Recipes,0.52
mocthede,0,0.0,0,0.0,1,0.7427213309566251,0,0.0,0,0.0,Herbal,1.0
mopaii,3,9.881422924901186,1,1.4492753623188406,0,0.0,1,0.9359790340696369,0,0.0,Astronomical,0.6
mopora,0,0.0,0,0.0,1,0.7427213309566251,0,0.0,0,0.0,Herbal,1.0
moto,0,0.0,0,0.0,0,0.0,2,1.8719580681392738,0,0.0,Recipes,1.0
mr,4,13.175230566534914,0,0.0,1,0.7427213309566251,5,4.679895170348185,0,0.0,Recipes,0.5
my,0,0.0,1,1.4492753623188406,0,0.0,0,0.0,0,0.0,Biological,1.0
myaii,1,3.2938076416337285,0,0.0,6,4.45632798573975,1,0.9359790340696369,0,0.0,Herbal,0.75
mychcthod,0,0.0,0,0.0,2,1.4854426619132501,0,0.0,0,0.0,Herbal,1.0
na,0,0.0,2,2.898550724637681,2,1.4854426619132501,4,3.7439161362785476,0,0.0,Recipes,0.5
nam,1,3.2938076416337285,0,0.0,0,0.0,0,0.0,0,0.0,Astronomical,1.0
ndch,0,0.0,0,0.0,1,0.7427213309566251,0,0.0,0,0.0,Herbal,1.0
no,0,0.0,0,0.0,3,2.228163992869875,0,0.0,0,0.0,Herbal,1.0
nod,1,3.2938076416337285,0,0.0,0,0.0,0,0.0,0,0.0,Astronomical,1.0
noda,0,0.0,0,0.0,2,1.4854426619132501,0,0.0,0,0.0,Herbal,1.0
nshck,0,0.0,0,0.0,2,1.4854426619132501,0,0.0,0,0.0,Herbal,1.0
nskysho,2,6.587615283267457,0,0.0,6,4.45632798573975,0,0.0,1,5.497526113249038,Herbal,0.6666666666666666
ny,1,3.2938076416337285,0,0.0,0,0.0,0,0.0,0,0.0,Astronomical,1.0
nyda,0,0.0,0,0.0,4,2.9708853238265003,1,0.9359790340696369,0,0.0,Herbal,0.8
oa,1,3.2938076416337285,0,0.0,0,0.0,0,0.0,0,0.0,Astronomical,1.0
od,3,9.881422924901186,1,1.4492753623188406,3,2.228163992869875,3,2.8079371022089106,0,0.0,Astronomical,0.3
oe,0,0.0,0,0.0,1,0.7427213309566251,0,0.0,0,0.0,Herbal,1.0
oi,1,3.2938076416337285,0,0.0,0,0.0,2,1.8719580681392738,0,0.0,Recipes,0.6666666666666666
ok,0,0.0,0,0.0,1,0.7427213309566251,0,0.0,1,5.497526113249038,Herbal,0.5
om,1,3.2938076416337285,0,0.0,5,3.7136066547831255,3,2.8079371022089106,0,0.0,Herbal,0.5555555555555556
on,0,0.0,0,0.0,1,0.7427213309566251,0,0.0,0,0.0,Herbal,1.0
op,2,6.587615283267457,0,0.0,4,2.9708853238265003,2,1.8719580681392738,0,0.0,Herbal,0.5
or,32,105.40184453227931,34,49.27536231884058,124,92.0974450386215,58,54.28678397603893,15,82.46289169873556,Herbal,0.4714828897338403
os,5,16.46903820816864,0,0.0,5,3.7136066547831255,3,2.8079371022089106,0,0.0,Astronomical,0.38461538461538464
ot,5,16.46903820816864,0,0.0,6,4.45632798573975,1,0.9359790340696369,0,0.0,Herbal,0.5
oy,0,0.0,0,0.0,6,4.45632798573975,1,0.9359790340696369,0,0.0,Herbal,0.8571428571428571
pc,0,0.0,1,1.4492753623188406,1,0.7427213309566251,2,1.8719580681392738,0,0.0,Recipes,0.5
ph,0,0.0,0,0.0,1,0.7427213309566251,0,0.0,0,0.0,Herbal,1.0
ps,0,0.0,1,1.4492753623188406,0,0.0,0,0.0,0,0.0,Biological,1.0
py,0,0.0,0,0.0,6,4.45632798573975,0,0.0,1,5.497526113249038,Herbal,0.8571428571428571
qo,0,0.0,9,13.043478260869566,0,0.0,5,4.679895170348185,1,5.497526113249038,Biological,0.6
ra,6,19.76284584980237,2,2.898550724637681,7,5.199049316696375,13,12.16772744290528,5,27.487630566245187,Recipes,0.3939393939393939
rai,0,0.0,0,0.0,0,0.0,4,3.7439161362785476,1,5.497526113249038,Recipes,0.8
raii,2,6.587615283267457,0,0.0,0,0.0,0,0.0,0,0.0,Astronomical,1.0
raiinm,0,0.0,0,0.0,1,0.7427213309566251,0,0.0,0,0.0,Herbal,1.0
raiis,1,3.2938076416337285,0,0.0,0,0.0,0,0.0,0,0.0,Astronomical,1.0
raim,0,0.0,1,1.4492753623188406,1,0.7427213309566251,4,3.7439161362785476,0,0.0,Recipes,0.6666666666666666
rainch,0,0.0,2,2.898550724637681,1,0.7427213309566251,2,1.8719580681392738,0,0.0,Biological,0.4
raino,0,0.0,0,0.0,0,0.0,0,0.0,2,10.995052226498077,Rosettes,1.0
raird,0,0.0,0,0.0,4,2.9708853238265003,0,0.0,0,0.0,Herbal,1.0
rairo,0,0.0,0,0.0,1,0.7427213309566251,0,0.0,2,10.995052226498077,Rosettes,0.6666666666666666
rala,1,3.2938076416337285,0,0.0,0,0.0,0,0.0,0,0.0,Astronomical,1.0
ralaro,0,0.0,0,0.0,4,2.9708853238265003,0,0.0,0,0.0,Herbal,1.0
ralk,0,0.0,0,0.0,0,0.0,1,0.9359790340696369,0,0.0,Recipes,1.0
ralo,0,0.0,0,0.0,1,0.7427213309566251,0,0.0,0,0.0,Herbal,1.0
ralyolaii,0,0.0,0,0.0,1,0.7427213309566251,0,0.0,0,0.0,Herbal,1.0
ram,3,9.881422924901186,2,2.898550724637681,3,2.228163992869875,4,3.7439161362785476,0,0.0,Recipes,0.3333333333333333
ramda,0,0.0,0,0.0,2,1.4854426619132501,0,0.0,0,0.0,Herbal,1.0
rara,2,6.587615283267457,0,0.0,0,0.0,1,0.9359790340696369,0,0.0,Astronomical,0.6666666666666666
raram,0,0.0,0,0.0,0,0.0,0,0.0,1,5.497526113249038,Rosettes,1.0
rarc,0,0.0,0,0.0,1,0.7427213309566251,4,3.7439161362785476,0,0.0,Recipes,0.8
rarda,0,0.0,0,0.0,1,0.7427213309566251,0,0.0,0,0.0,Herbal,1.0
rare,1,3.2938076416337285,0,0.0,1,0.7427213309566251,0,0.0,0,0.0,Astronomical,0.5
rc,0,0.0,1,1.4492753623188406,4,2.9708853238265003,2,1.8719580681392738,1,5.497526113249038,Herbal,0.5
rch,0,0.0,0,0.0,1,0.7427213309566251,1,0.9359790340696369,1,5.497526113249038,Herbal,0.3333333333333333
rchct,0,0.0,2,2.898550724637681,0,0.0,0,0.0,1,5.497526113249038,Biological,0.6666666666666666
rchda,0,0.0,3,4.3478260869565215,0,0.0,0,0.0,0,0.0,Biological,1.0
rche,0,0.0,0,0.0,0,0.0,1,0.9359790340696369,0,0.0,Recipes,1.0
rcheda,0,0.0,2,2.898550724637681,0,0.0,2,1.8719580681392738,0,0.0,Biological,0.5
rchek,1,3.2938076416337285,1,1.4492753623188406,1,0.7427213309566251,3,2.8079371022089106,0,0.0,Recipes,0.5
rcheoda,2,6.587615283267457,1,1.4492753623188406,2,1.4854426619132501,4,3.7439161362785476,1,5.497526113249038,Recipes,0.4
rchet,0,0.0,0,0.0,1,0.7427213309566251,0,0.0,0,0.0,Herbal,1.0
rcho,0,0.0,0,0.0,1,0.7427213309566251,0,0.0,0,0.0,Herbal,1.0
rchs,0,0.0,0,0.0,0,0.0,1,0.9359790340696369,0,0.0,Recipes,1.0
rd,2,6.587615283267457,0,0.0,1,0.7427213309566251,0,0.0,0,0.0,Astronomical,0.6666666666666666
rdac,0,0.0,0,0.0,1,0.7427213309566251,0,0.0,0,0.0,Herbal,1.0
rdam,0,0.0,0,0.0,1,0.7427213309566251,0,0.0,0,0.0,Herbal,1.0
rdod,0,0.0,0,0.0,1,0.7427213309566251,0,0.0,0,0.0,Herbal,1.0
rea,2,6.587615283267457,0,0.0,3,2.228163992869875,1,0.9359790340696369,0,0.0,Herbal,0.5
rech,0,0.0,0,0.0,8,5.941770647653001,0,0.0,0,0.0,Herbal,1.0
ree,2,6.587615283267457,0,0.0,0,0.0,0,0.0,0,0.0,Astronomical,1.0
reeeos,1,3.2938076416337285,0,0.0,0,0.0,0,0.0,0,0.0,Astronomical,1.0
rek,0,0.0,1,1.4492753623188406,5,3.7136066547831255,1,0.9359790340696369,0,0.0,Herbal,0.7142857142857143
rem,0,0.0,0,0.0,1,0.7427213309566251,0,0.0,0,0.0,Herbal,1.0
reo,1,3.2938076416337285,0,0.0,0,0.0,0,0.0,0,0.0,Astronomical,1.0
ri,0,0.0,2,2.898550724637681,3,2.228163992869875,1,0.9359790340696369,0,0.0,Herbal,0.5
rk,0,0.0,1,1.4492753623188406,0,0.0,0,0.0,0,0.0,Biological,1.0
rka,0,0.0,9,13.043478260869566,1,0.7427213309566251,8,7.487832272557095,0,0.0,Biological,0.5
rkchek,0,0.0,1,1.4492753623188406,1,0.7427213309566251,1,0.9359790340696369,0,0.0,Biological,0.3333333333333333
rke,1,3.2938076416337285,2,2.898550724637681,2,1.4854426619132501,5,4.679895170348185,0,0.0,Recipes,0.5
rkedam,0,0.0,0,0.0,1,0.7427213309566251,0,0.0,0,0.0,Herbal,1.0
rkee,2,6.587615283267457,0,0.0,0,0.0,0,0.0,0,0.0,Astronomical,1.0
rl,1,3.2938076416337285,0,0.0,0,0.0,2,1.8719580681392738,0,0.0,Recipes,0.6666666666666666
rm,2,6.587615283267457,0,0.0,0,0.0,0,0.0,0,0.0,Astronomical,1.0
ro,2,6.587615283267457,2,2.898550724637681,2,1.4854426619132501,5,4.679895170348185,1,5.497526113249038,Recipes,0.4166666666666667
rod,0,0.0,2,2.898550724637681,0,0.0,1,0.9359790340696369,1,5.497526113249038,Biological,0.5
roda,0,0.0,0,0.0,3,2.228163992869875,2,1.8719580681392738,0,0.0,Herbal,0.6
rodai,0,0.0,0,0.0,0,0.0,1,0.9359790340696369,0,0.0,Recipes,1.0
rodaim,1,3.2938076416337285,0,0.0,0,0.0,1,0.9359790340696369,0,0.0,Astronomical,0.5
rodam,1,3.2938076416337285,0,0.0,0,0.0,1,0.9359790340696369,0,0.0,Astronomical,0.5
roi,0,0.0,2,2.898550724637681,0,0.0,2,1.8719580681392738,0,0.0,Biological,0.5
roii,0,0.0,0,0.0,0,0.0,1,0.9359790340696369,0,0.0,Recipes,1.0
roka,1,3.2938076416337285,0,0.0,0,0.0,0,0.0,0,0.0,Astronomical,1.0
rokaix,0,0.0,2,2.898550724637681,0,0.0,1,0.9359790340696369,0,0.0,Biological,0.6666666666666666
rolc,0,0.0,1,1.4492753623188406,0,0.0,1,0.9359790340696369,0,0.0,Biological,0.5
rolk,0,0.0,0,0.0,2,1.4854426619132501,2,1.8719580681392738,1,5.497526113249038,Herbal,0.4
rolke,0,0.0,1,1.4492753623188406,0,0.0,0,0.0,0,0.0,Biological,1.0
rols,0,0.0,1,1.4492753623188406,0,0.0,1,0.9359790340696369,0,0.0,Biological,0.5
rolsas,1,3.2938076416337285,0,0.0,0,0.0,0,0.0,0,0.0,Astronomical,1.0
rolyokees,2,6.587615283267457,0,0.0,0,0.0,0,0.0,0,0.0,Astronomical,1.0
rom,3,9.881422924901186,0,0.0,1,0.7427213309566251,0,0.0,1,5.497526113249038,Astronomical,0.6
ropchyotchda,0,0.0,0,0.0,1,0.7427213309566251,1,0.9359790340696369,0,0.0,Herbal,0.5
rora,1,3.2938076416337285,0,0.0,0,0.0,1,0.9359790340696369,0,0.0,Astronomical,0.5
rorch,0,0.0,0,0.0,0,0.0,0,0.0,1,5.497526113249038,Rosettes,1.0
rors,0,0.0,0,0.0,0,0.0,1,0.9359790340696369,0,0.0,Recipes,1.0
ros,0,0.0,0,0.0,0,0.0,1,0.9359790340696369,0,0.0,Recipes,1.0
rosh,1,3.2938076416337285,0,0.0,1,0.7427213309566251,2,1.8719580681392738,0,0.0,Recipes,0.5
rqoto,0,0.0,0,0.0,4,2.9708853238265003,0,0.0,1,5.497526113249038,Herbal,0.8
rs,0,0.0,0,0.0,0,0.0,1,0.9359790340696369,0,0.0,Recipes,1.0
rshe,0,0.0,0,0.0,0,0.0,1,0.9359790340696369,0,0.0,Recipes,1.0
rshee,0,0.0,1,1.4492753623188406,0,0.0,0,0.0,0,0.0,Biological,1.0
rsheo,1,3.2938076416337285,0,0.0,2,1.4854426619132501,0,0.0,0,0.0,Herbal,0.6666666666666666
rsho,0,0.0,0,0.0,1,0.7427213309566251,2,1.8719580681392738,0,0.0,Recipes,0.6666666666666666
rshols,0,0.0,0,0.0,2,1.4854426619132501,0,0.0,0,0.0,Herbal,1.0
rsshese,0,0.0,0,0.0,1,0.7427213309566251,0,0.0,0,0.0,Herbal,1.0
ry,17,55.99472990777339,6,8.695652173913043,8,5.941770647653001,3,2.8079371022089106,1,5.497526113249038,Astronomical,0.4857142857142857
rya,1,3.2938076416337285,0,0.0,0,0.0,0,0.0,0,0.0,Astronomical,1.0
rychos,0,0.0,0,0.0,1,0.7427213309566251,0,0.0,0,0.0,Herbal,1.0
ryok,0,0.0,0,0.0,1,0.7427213309566251,0,0.0,0,0.0,Herbal,1.0
ryokora,1,3.2938076416337285,0,0.0,0,0.0,0,0.0,0,0.0,Astronomical,1.0
rysho,0,0.0,0,0.0,1,0.7427213309566251,0,0.0,0,0.0,Herbal,1.0
rytchdam,0,0.0,0,0.0,3,2.228163992869875,1,0.9359790340696369,0,0.0,Herbal,0.75
sd,0,0.0,0,0.0,0,0.0,1,0.9359790340696369,0,0.0,Recipes,1.0
sh,0,0.0,1,1.4492753623188406,2,1.4854426619132501,2,1.8719580681392738,0,0.0,Herbal,0.4
so,1,3.2938076416337285,0,0.0,0,0.0,1,0.9359790340696369,0,0.0,Astronomical,0.5
sr,0,0.0,0,0.0,1,0.7427213309566251,1,0.9359790340696369,0,0.0,Herbal,0.5
ss,3,9.881422924901186,0,0.0,1,0.7427213309566251,0,0.0,0,0.0,Astronomical,0.75
st,6,19.76284584980237,0,0.0,0,0.0,0,0.0,0,0.0,Astronomical,1.0
sy,4,13.175230566534914,0,0.0,2,1.4854426619132501,0,0.0,0,0.0,Astronomical,0.6666666666666666
ta,0,0.0,0,0.0,0,0.0,1,0.9359790340696369,1,5.497526113249038,Recipes,0.5
td,1,3.2938076416337285,0,0.0,1,0.7427213309566251,0,0.0,0,0.0,Astronomical,0.5
te,3,9.881422924901186,1,1.4492753623188406,0,0.0,0,0.0,0,0.0,Astronomical,0.75
tl,1,3.2938076416337285,3,4.3478260869565215,6,4.45632798573975,11,10.295769374766007,0,0.0,Recipes,0.5238095238095238
to,4,13.175230566534914,0,0.0,1,0.7427213309566251,0,0.0,1,5.497526113249038,Astronomical,0.6666666666666666
ty,13,42.81949934123847,34,49.27536231884058,48,35.650623885918,28,26.20741295394983,13,71.4678394722375,Herbal,0.35294117647058826
xa,3,9.881422924901186,1,1.4492753623188406,4,2.9708853238265003,1,0.9359790340696369,1,5.497526113249038,Herbal,0.4
ya,5,16.46903820816864,0,0.0,1,0.7427213309566251,1,0.9359790340696369,0,0.0,Astronomical,0.7142857142857143
yd,2,6.587615283267457,0,0.0,3,2.228163992869875,0,0.0,0,0.0,Herbal,0.6
yl,2,6.587615283267457,1,1.4492753623188406,1,0.7427213309566251,0,0.0,0,0.0,Astronomical,0.5
ym,3,9.881422924901186,1,1.4492753623188406,3,2.228163992869875,3,2.8079371022089106,0,0.0,Astronomical,0.3
yo,1,3.2938076416337285,0,0.0,0,0.0,0,0.0,0,0.0,Astronomical,1.0
ys,1,3.2938076416337285,0,0.0,0,0.0,0,0.0,0,0.0,Astronomical,1.0
yy,2,6.587615283267457,2,2.898550724637681,4,2.9708853238265003,1,0.9359790340696369,3,16.492578339747116,Herbal,0.3333333333333333
za,1,3.2938076416337285,0,0.0,2,1.4854426619132501,0,0.0,0,0.0,Herbal,0.6666666666666666
