category,voynich_word,frequency_in_category,global_ratio
water,daiinchotcheyqoteeeychokeos<-><!plant>cheeschrcheaiin,0.33,1/1
water,dorcholchorcholkeolchychty<-><!plant>daiinotchorchan,0.33,1/1
water,kooiincheopchorotaiinodainchor<-><!plant>dairshty,0.33,1/1
water,kchokchyshosholqotcholoeeesqoty<-><!plant>chordaiin,0.33,1/1
water,chokoishechorcheolcholdolody<$><!plant>,0.33,1/1
water,otchychorlshycholchodychodain<-><!plant>chcthydaiin,0.33,1/1
water,shocholocheorchodaiin<$>,0.33,1/1
water,kchorshydaiiinchckhoy<-><!plant>ssheydorcholdaiin,0.33,1/1
water,<!2-><!label,0.33,1/1
water,<!5-><!label,0.33,1/1
water,f->kshorsholcphokcholchcfhhy,0.33,1/1
water,s!!!!!!!,0.33,1/1
water,y->okeodshochotsholdam<-><!plant>,0.33,1/1
water,e->qokeolchokeeodyotolkchoscholdaiin<$><!plant>,0.33,1/1
water,p->tchotcheychokeeo!dolrcheeyotchodar<-><!plant>dchodchog,0.33,1/1
water,k!!!!!!!,0.33,1/1
water,?->qotchychokchychoky<-><!plant>,0.33,1/1
water,o->qokchyqokchodshocthy,0.33,1/1
water,y->chokeoshocheorcheo!kchetchordaiindy<-><!plant>daiinqokg,0.33,1/1
water,?<!@140>,0.33,1/1
water,<!3-><!label,0.33,1/1
water,y->ochokeeyckheydaiindainchokam<-><!plant>,0.33,1/1
water,k->cholchorcheschkal!chychokeeoky<-><!plant>chokoran,0.33,1/1
water,d->chokaiinchodlschariindaiinchaindy<-><!plant>chetchody,0.33,1/1
water,e!!!!!!!,0.33,1/1
water,r->chotchychcthycth!ykoddy<-><!plant>,0.33,1/1
water,s->qoteeescheodaiindol<-><!plant>,0.33,1/1
water,???->qotchocheolcholschochctheydcheol<-><!plant>chotchody,0.33,1/1
water,?<!@192>,0.33,1/1
water,<!1-><!label,0.33,1/1
water,s->qotcheolcheychorchokalychordal<-><!plant>chaiin!d,0.33,1/1
water,k->chotchychodaiindan<-><!plant>,0.33,1/1
water,<!5->?<!@140>!!!!!!!!!,0.33,1/1
water,o->shocho!!oaiinsheochoty<$>,0.33,1/1
water,?<!@164>,0.33,1/1
water,<!3->y,0.33,1/1
water,<!2->r,0.33,1/1
water,<!1->o,0.33,1/1
water,<!4-><!label,0.33,1/1
water,e->sholsho!daiinqotchar<-><!plant>,0.33,1/1
water,o->qo!!!!!ksho!daiinshckhydar<-><!plant>,0.33,1/1
water,p->ochorsheeodksheo!dl<-><!plant>,0.33,1/1
water,?->fcho!chorsholtcholopcheodaldchsy<-><!plant>chotchy,0.33,1/1
water,e->oaiinchydaiincholchaiinkshar!dy<-><!plant>chokchy,0.33,1/1
water,@?????????->qokeaiincheochorchoteeykcheoldain<-><!plant>chodairin,0.33,1/1
water,y->o!aiinchekyrchorchs!!eesykchorsol<-><!plant>chcthos,0.33,1/1
water,???->dchodcholchokchodaiinchokchytchol<-><!plant>okcho!kol,0.33,1/1
water,@?????????->dcholctholdaiinchoky<-><!plant>,0.33,1/1
water,<!label,0.33,1/1
water,<!4->e!!!!!!!,0.33,1/1
water,y->ykchokeorcheeydaiin<$>,0.33,1/1
water,qotchochodrchochoshychsoriin,0.33,1/2
water,ololol!cheycheykchyqotcholchosory<-><!plant>,0.33,1/2
water,qokeorcheeyqokchyqotody<-><!plant>,0.33,1/2
water,qotorshochotchychoshyqopchorqodordaiin,0.33,1/2
water,olorshshessh!eotycholdaiin,0.33,1/2
water,shorchoiinshorshorshy,0.33,1/2
water,odchychoretyshol<$>,0.33,1/2
water,s<!@S>odcholytcheoldaiincthodd<-><!plant>,0.33,1/2
water,podaiincheokchodaiinchcthy<-><!plant>,0.33,1/2
water,chorsheorcheyteeyqotan<-><!plant>,0.33,1/2
water,chotcheoldchol<$>,0.33,1/2
water,ocholcholchodydchodaiindaiin<-><!plant>,0.33,1/2
water,sheorcheolodchodcheeeyqotcho!tchy,0.33,1/2
water,"q<!@q"">ochocheeydcheyqotchody",0.33,1/2
water,"q<!@q"">oshoqokyshorsheorotoldaiin<-><!plant>",0.33,1/2
water,kshoqodainchotshydodar<-><!plant>,0.33,1/2
water,dsho<-><!plant>dchordchordaiindorcheoraiin<$><!plant>,0.33,1/2
water,chotchorchycheetqolsor,0.33,1/2
water,dcheorcheeykeol!cheychokcholchokan<-><!plant>,0.33,1/2
water,oykeeeycheyksheychoroiin<-><!plant>,0.33,1/2
water,po!sholdyshorsholshtchyshor!pchoropchorshor!kchy,0.33,1/2
food,oykeeysoiiinchokqokchydaokol<-><!plant>,0.33,1/1
food,soshyfcholshorcheorykaiins<-><!plant>,0.33,1/1
food,pcho!daiinchopolshoiindaiindain<-><!plant>,0.33,1/1
food,ydaiinol!chykchordaiinolol<-><!plant>,0.33,1/1
food,qotchorchodshotychodydoldydy<-><!plant>okchyd!y,0.33,1/1
food,qokcholdardalaqotolo<-><!plant>,0.33,1/1
food,ycholoirokorchoorockhy<-><!plant>,0.33,1/1
food,ochkcharkolshydaiindorody<-><!plant>,0.33,1/1
food,otchodainchckhy<$>,0.33,1/1
food,dcho!kchyscholdysheydarqoty<-><!plant>ykeeyky,0.33,1/1
food,oeeencheyteorcheytchyky<-><!plant>chodalg,0.33,1/1
food,sodychodyotchodyqotchykoiinsy<-><!plant>sho!tydy,0.33,1/1
food,sodaiinchykchykchyykeody<$><!plant>,0.33,1/1
food,kcheolcheorsheossheeyteeyd!o!<-><!plant>shosoct<!@T>!y,0.33,1/1
food,chokshyshocthyshorshordaiin<-><!plant>qokaiiin,0.33,1/1
food,dsheykchychotyokycholchchotychokychytydy,0.33,1/1
food,por!aiinsheaiinchepotychyqotchyqotycheecthy,0.33,1/1
food,shorchorshoshekyshyqotykody<-><!plant>daiincthy,0.33,1/1
food,chocthyqooschos<$>,0.33,1/1
food,qoksheqorcheykorcheodychom<$><!plant>,0.33,1/1
food,qokchycholshokchyqokaiinchoety<-><!plant>chotykaiin,0.33,1/1
food,qokchyqotykchaiinshearcthor<-><!plant>dchorcholy,0.33,1/1
food,qoporsholshotsholsholdaiindains<-><!plant>cheam,0.33,1/1
food,shoksheychotychdainchodaiindaiin<-><!plant>da!m<$>,0.33,1/1
food,qodycthochyotaiinshyksheschorain<-><!plant>,0.33,1/1
food,qotchorotcholcthokchodanchkchory<-><!plant>,0.33,1/1
food,dorainchar<$>,0.33,1/1
food,okcholsholkolschees<$><!plant>,0.33,1/1
food,chotydolksheocthorotolctholchol<-><!plant>sholdain,0.33,1/1
food,pchochykshaiinsho!taiinchamshan<-><!plant>,0.33,1/1
food,qotorchochodydaiincholctheeydar<-><!plant>chydaiidy,0.33,1/1
food,otchotydaiinchotshockhhyct<!@T>ysos<-><!plant>,0.33,1/1
food,!!!shoofaiincthachcthyotcheeypchear<-><!plant>,0.33,1/1
food,s!olkaiincharchekyotshaiindaiiry<-><!plant>,0.33,1/1
food,sholcholcholsholc!toiins<!@S>osodan<-><!plant>,0.33,1/1
food,dcheeycholsholchokaiinchoekydck<!@K>!y<-><!plant>daindal,0.33,1/1
food,!chodyotsheydodaiin<$><!plant>,0.33,1/1
food,shorchetarchotaisdarcthaiin<-><!plant>,0.33,1/1
food,qokarchockhychotorchakary<$><!plant>,0.33,1/1
food,ysholcheesctholshorsholetychary<-><!plant>,0.33,1/1
food,kchaiinchosckhaiinchoro?chaiin<$>,0.33,1/1
food,pydaiinsheorshaiintsholchasholy<-><!plant>,0.33,1/1
food,toshychtsharchotarchaindal<-><!plant>,0.33,1/1
food,shotolsholchetydaiinchokchychkaiin<-><!plant>,0.33,1/1
food,sholcholshokyokolshocholcholchal<-><!plant>,0.33,1/1
poison,shorokolcholdolkydar<-><!plant>sholdchorotchodarshody,0.33,1/1
poison,okolsholkolkechycholky<-><!plant>cholctholchodycholdaiin,0.33,1/1
poison,kchsychadaiinol<-><!plant>oltcheycharcfharam,0.33,1/1
poison,taorchotcheydalchody<-><!plant>schodypolchodar<$>,0.33,1/1
poison,potoysholdaircphoal<-><!plant>darcheytodyotoaiinshoshy,0.33,1/1
poison,qoolchoeeecheoldolcthey<-><!plant>ykoldoldoloykoldol!ch!!ody,0.33,1/1
poison,yteeaycharorochy<-><!plant>dcholkodyokodarchody,0.33,1/1
poison,d!ockhyckhockhyshy<-><!plant>dksheeycthykotchodydal,0.33,1/1
poison,dolchokeodairdam<-><!plant>socheychokody<$>,0.33,1/1
poison,chokycholctholsholokal<-><!plant>dolcheychodololchycthy,0.33,1/1
poison,toaiinctheodalchosckheodykeodychodoloty<-><!plant>,0.33,1/1
poison,o!iirorckhorchkeyckho!cthyorchockhy<-><!plant>,0.33,1/1
poison,ytoloteeorsheoloteeyqokeodyqokeeodycthey<-><!plant>,0.33,1/1
poison,torcheeorckheosolsheeo!solcpheolcpheorchodar<-><!plant>,0.33,1/1
poison,orchorchkcholchokchorsorsheockhycholy<-><!plant>,0.33,1/1
poison,daiinchodaiinctheytolsheorqokeolokol<-><!plant>,0.33,1/1
poison,todarsheocthodyshokocfhychopchodory<-><!plant>,0.33,1/1
poison,ykeorsecheeolsheolqokeeeycholdaiin<$>,0.33,1/1
poison,oteeodshoqotchos<$><!plant>,0.33,1/1
poison,dcheor<-><!plant>cheol<-><!plant>cheodai!nol<-><!plant>dy<-><!plant>d<-><!plant>chs<-><!plant>ar!cheody<-><!plant>,0.33,1/1
poison,teolcheodyshodolqokchod<-><!plant>s<-><!plant>!aiin<-><!plant>chokey<-><!plant>,0.33,1/1
poison,otchodolsho!cthodyshockhyotchodorchoct<!@T>y<-><!plant>,0.33,1/1
poison,lorckheeycholcholodycheolctheors!or<-><!plant>,0.33,1/1
poison,ytchyteolokeodycheockhyolsheeyqoekaiinoctheycholkaraiinctharod,0.33,1/1
poison,sheodysheteo!teeyoteodaiinodyqoteolkedydolodalqotaropchetyldy,0.33,1/1
poison,<!plant>ytechedaralkeyokeoam<$>,0.33,1/1
poison,tocthyqokeolyteedylolkeolotol!chesalorykeeodamokedyokam,0.33,1/1
poison,alsheylkee!dyytchedyqokedylotalqotolotalchedokeyykeeydalmy,0.33,1/1
poison,otchdainsholoteoloteolyykeeydamdr,0.33,1/1
poison,pshdaiinypchdyopcheyckhydalsheo!daiinsheo!keolykeeodyolaiino!p!al!dy,0.33,1/1
poison,daiinyteeolchoodykechod!sheyqotedychtaiinotchdytedainokainckhy,0.33,1/1
poison,tol!keoldai!notaiinykeedychetytedytedyqokdytshdychetedyctheetyr,0.33,1/1
