voynich_word,target_word,target_type,distance,similarity
da,da,Latin,0,1.0
dam,dam,Latin,0,1.0
dolor,dolor,Latin,0,1.0
herba,herba,Latin,0,1.0
m,m,Abbrev (m/n),0,1.0
os,os,Latin,0,1.0
sol,sol,Latin,0,1.0
x,x,Abbrev (christ/decem),0,1.0
chalor,calor,Latin,1,0.83
chepar,hepar,Latin,1,0.83
dolory,dolor,Latin,1,0.83
herba,herbae,Latin,1,0.83
herba,herbam,Latin,1,0.83
plane,planet,Latin,1,0.83
plant,planet,Latin,1,0.83
alor,calor,Latin,1,0.8
chepa,cepa,Latin,1,0.8
chlor,calor,Latin,1,0.8
chram,curam,Latin,1,0.8
come,comae,Latin,1,0.8
dalor,calor,Latin,1,0.8
dalor,dolor,Latin,1,0.8
dolar,dolor,Latin,1,0.8
dolol,dolor,Latin,1,0.8
epar,hepar,Latin,1,0.8
hear,hepar,Latin,1,0.8
leves,levis,Latin,1,0.8
odare,dare,Latin,1,0.8
olor,dolor,Latin,1,0.8
oram,horam,Latin,1,0.8
rodam,rosam,Latin,1,0.8
tedo,tendo,Latin,1,0.8
adam,dam,Latin,1,0.75
aii,apii,Latin,1,0.75
cdam,dam,Latin,1,0.75
choltam,choleram,Latin,2,0.75
chor,cor,Latin,1,0.75
chpa,cepa,Latin,1,0.75
come,coma,Latin,1,0.75
csol,sol,Latin,1,0.75
daim,dam,Latin,1,0.75
dalm,dam,Latin,1,0.75
damo,dam,Latin,1,0.75
dar,dare,Latin,1,0.75
dard,dare,Latin,1,0.75
dary,dare,Latin,1,0.75
dein,dei,Latin,1,0.75
deir,dei,Latin,1,0.75
dkam,dam,Latin,1,0.75
edes,ede,Latin,1,0.75
hory,hora,Latin,1,0.75
los,flos,Latin,1,0.75
odam,dam,Latin,1,0.75
olos,flos,Latin,1,0.75
san,sana,Latin,1,0.75
scor,cor,Latin,1,0.75
shea,rhea,Latin,1,0.75
shol,sol,Latin,1,0.75
soly,sol,Latin,1,0.75
thre,tere,Latin,1,0.75
chdalor,calor,Latin,2,0.71
chealor,calor,Latin,2,0.71
choer,cholera,Latin,2,0.71
chokeea,cholera,Latin,2,0.71
cholar,cholera,Latin,2,0.71
cholety,cholera,Latin,2,0.71
cholor,cholera,Latin,2,0.71
choltam,costam,Latin,2,0.71
lanes,glandes,Latin,2,0.71
air,aer,Latin,1,0.67
alaiin,allii,Latin,2,0.67
am,dam,Latin,1,0.67
aol,sol,Latin,1,0.67
ar,aer,Latin,1,0.67
araiin,arabis,Latin,2,0.67
charam,curam,Latin,2,0.67
charam,horam,Latin,2,0.67
chedam,cepam,Latin,2,0.67
chedar,hepar,Latin,2,0.67
chekar,hepar,Latin,2,0.67
chelal,caela,Latin,2,0.67
cheoar,hepar,Latin,2,0.67
chepar,cepa,Latin,2,0.67
chepar,cepae,Latin,2,0.67
chepar,cepam,Latin,2,0.67
chetar,hepar,Latin,2,0.67
chodam,comam,Latin,2,0.67
chodam,horam,Latin,2,0.67
chokam,comam,Latin,2,0.67
chokam,horam,Latin,2,0.67
cholor,calor,Latin,2,0.67
cholor,dolor,Latin,2,0.67
chotam,comam,Latin,2,0.67
chotam,costam,Latin,2,0.67
chotam,horam,Latin,2,0.67
chr,cor,Latin,1,0.67
da,dae,Latin,1,0.67
da,dam,Latin,1,0.67
dai,da,Latin,1,0.67
dai,dae,Latin,1,0.67
dai,dam,Latin,1,0.67
dai,dei,Latin,1,0.67
dal,da,Latin,1,0.67
dal,dae,Latin,1,0.67
dal,dam,Latin,1,0.67
dalory,calor,Latin,2,0.67
dalory,dolor,Latin,2,0.67
dam,da,Latin,1,0.67
dam,dae,Latin,1,0.67
dan,da,Latin,1,0.67
dan,dae,Latin,1,0.67
dan,dam,Latin,1,0.67
dar,da,Latin,1,0.67
dar,dae,Latin,1,0.67
dar,dam,Latin,1,0.67
daram,drabam,Latin,2,0.67
day,da,Latin,1,0.67
day,dae,Latin,1,0.67
day,dam,Latin,1,0.67
ded,dei,Latin,1,0.67
dm,dam,Latin,1,0.67
dol,sol,Latin,1,0.67
dolary,dolor,Latin,2,0.67
dolody,dolor,Latin,2,0.67
dom,dam,Latin,1,0.67
dor,cor,Latin,1,0.67
dym,dam,Latin,1,0.67
ed,ede,Latin,1,0.67
edy,ede,Latin,1,0.67
ees,pes,Latin,1,0.67
eol,sol,Latin,1,0.67
eor,cor,Latin,1,0.67
eplant,planet,Latin,2,0.67
es,pes,Latin,1,0.67
esedy,reseda,Latin,2,0.67
fol,sol,Latin,1,0.67
kam,dam,Latin,1,0.67
kol,sol,Latin,1,0.67
kor,cor,Latin,1,0.67
lal,lac,Latin,1,0.67
lam,dam,Latin,1,0.67
lam,lac,Latin,1,0.67
lanes,planet,Latin,2,0.67
lanes,sanies,Latin,2,0.67
lc,lac,Latin,1,0.67
lol,sol,Latin,1,0.67
lor,cor,Latin,1,0.67
los,os,Latin,1,0.67
mol,sol,Latin,1,0.67
ods,os,Latin,1,0.67
ofaram,fabam,Latin,2,0.67
oforam,formam,Latin,2,0.67
oforam,horam,Latin,2,0.67
okalor,calor,Latin,2,0.67
okolor,dolor,Latin,2,0.67
ol,sol,Latin,1,0.67
olalor,calor,Latin,2,0.67
olcham,nucham,Latin,2,0.67
olcham,olivam,Latin,2,0.67
oldam,olivam,Latin,2,0.67
oleeam,olivam,Latin,2,0.67
olkam,olivam,Latin,2,0.67
ols,os,Latin,1,0.67
ool,sol,Latin,1,0.67
oor,cor,Latin,1,0.67
or,cor,Latin,1,0.67
osh,os,Latin,1,0.67
osy,os,Latin,1,0.67
otais,otitis,Latin,2,0.67
otalor,calor,Latin,2,0.67
otcham,nucham,Latin,2,0.67
oteedo,tendo,Latin,2,0.67
otiiin,otitis,Latin,2,0.67
otolam,violam,Latin,2,0.67
plane,plagae,Latin,2,0.67
pol,sol,Latin,1,0.67
por,cor,Latin,1,0.67
qol,sol,Latin,1,0.67
qor,cor,Latin,1,0.67
qos,os,Latin,1,0.67
qotam,costam,Latin,2,0.67
ram,dam,Latin,1,0.67
rol,sol,Latin,1,0.67
rosete,rosae,Latin,2,0.67
sal,sol,Latin,1,0.67
sam,dam,Latin,1,0.67
shalsy,salsi,Latin,2,0.67
shedar,hepar,Latin,2,0.67
shedor,sudor,Latin,2,0.67
shere,sumere,Latin,2,0.67
shetar,hepar,Latin,2,0.67
shl,sol,Latin,1,0.67
so,sol,Latin,1,0.67
solar,solana,Latin,2,0.67
solar,solani,Latin,2,0.67
som,sol,Latin,1,0.67
sor,cor,Latin,1,0.67
sor,sol,Latin,1,0.67
sos,os,Latin,1,0.67
sos,sol,Latin,1,0.67
soy,sol,Latin,1,0.67
tam,dam,Latin,1,0.67
tol,sol,Latin,1,0.67
tor,cor,Latin,1,0.67
tos,os,Latin,1,0.67
verbal,herba,Latin,2,0.67
verbal,herbae,Latin,2,0.67
verbal,herbam,Latin,2,0.67
xol,sol,Latin,1,0.67
yol,sol,Latin,1,0.67
aaiin,apii,Latin,2,0.6
adaii,allii,Latin,2,0.6
adaii,amari,Latin,2,0.6
adaii,apii,Latin,2,0.6
adaii,asari,Latin,2,0.6
aiidy,acidi,Latin,2,0.6
aiiil,apii,Latin,2,0.6
aiiin,apii,Latin,2,0.6
aiiir,apii,Latin,2,0.6
aiinm,apium,Latin,2,0.6
alain,albi,Latin,2,0.6
alain,allia,Latin,2,0.6
alain,allii,Latin,2,0.6
alain,alti,Latin,2,0.6
alody,aloes,Latin,2,0.6
aloly,aloes,Latin,2,0.6
alsar,asara,Latin,2,0.6
alsar,asari,Latin,2,0.6
aorar,hora,Latin,2,0.6
aorar,horae,Latin,2,0.6
aorar,horam,Latin,2,0.6
arary,amari,Latin,2,0.6
arary,asara,Latin,2,0.6
arary,asari,Latin,2,0.6
ariin,apii,Latin,2,0.6
chaer,aer,Latin,2,0.6
chaer,cicer,Latin,2,0.6
chalr,calor,Latin,2,0.6
chars,caro,Latin,2,0.6
chary,caro,Latin,2,0.6
chdam,cepam,Latin,2,0.6
chdam,comam,Latin,2,0.6
chdam,curam,Latin,2,0.6
chdam,dam,Latin,2,0.6
chdor,calor,Latin,2,0.6
chdor,cor,Latin,2,0.6
chdor,sudor,Latin,2,0.6
cheab,rhea,Latin,2,0.6
cheal,rhea,Latin,2,0.6
cheam,cepam,Latin,2,0.6
cheam,comam,Latin,2,0.6
cheam,curam,Latin,2,0.6
cheam,rhea,Latin,2,0.6
cheam,rheum,Latin,2,0.6
chean,rhea,Latin,2,0.6
chear,hepar,Latin,2,0.6
chear,rhea,Latin,2,0.6
cheas,rhea,Latin,2,0.6
cheda,caela,Latin,2,0.6
cheda,cepa,Latin,2,0.6
cheda,rhea,Latin,2,0.6
cheem,rheum,Latin,2,0.6
cheer,cicer,Latin,2,0.6
chein,rhei,Latin,2,0.6
cheis,cutis,Latin,2,0.6
cheis,rhei,Latin,2,0.6
cheom,rheum,Latin,2,0.6
cheor,calor,Latin,2,0.6
cheor,cor,Latin,2,0.6
chepa,caela,Latin,2,0.6
chepa,cepae,Latin,2,0.6
chepa,cepam,Latin,2,0.6
chepa,hepar,Latin,2,0.6
chepa,rhea,Latin,2,0.6
chepy,cepa,Latin,2,0.6
cheta,caela,Latin,2,0.6
cheta,cepa,Latin,2,0.6
cheta,costa,Latin,2,0.6
cheta,rhea,Latin,2,0.6
chiin,echii,Latin,2,0.6
chkam,cepam,Latin,2,0.6
chkam,comam,Latin,2,0.6
chkam,curam,Latin,2,0.6
chkor,calor,Latin,2,0.6
chkor,cor,Latin,2,0.6
chlol,calor,Latin,2,0.6
chlor,cor,Latin,2,0.6
chlor,dolor,Latin,2,0.6
choar,cor,Latin,2,0.6
choct,croci,Latin,2,0.6
choda,coma,Latin,2,0.6
choda,hora,Latin,2,0.6
chodi,croci,Latin,2,0.6
chodr,cor,Latin,2,0.6
choer,cicer,Latin,2,0.6
choer,cor,Latin,2,0.6
choii,croci,Latin,2,0.6
choii,echii,Latin,2,0.6
choor,calor,Latin,2,0.6
choor,cor,Latin,2,0.6
chord,cor,Latin,2,0.6
chord,hora,Latin,2,0.6
chory,cor,Latin,2,0.6
chory,hora,Latin,2,0.6
chosa,coma,Latin,2,0.6
chosa,costa,Latin,2,0.6
chosa,hora,Latin,2,0.6
chosa,rosa,Latin,2,0.6
chpal,cepa,Latin,2,0.6
chpal,cepae,Latin,2,0.6
chpal,cepam,Latin,2,0.6
chram,cepam,Latin,2,0.6
chram,comam,Latin,2,0.6
chram,crum,Latin,2,0.6
chram,cura,Latin,2,0.6
chram,curae,Latin,2,0.6
chram,horam,Latin,2,0.6
chsor,calor,Latin,2,0.6
chsor,cor,Latin,2,0.6
chtor,calor,Latin,2,0.6
chtor,cor,Latin,2,0.6
chtos,cutis,Latin,2,0.6
cicle,cicer,Latin,2,0.6
ckham,cepam,Latin,2,0.6
ckham,comam,Latin,2,0.6
ckham,curam,Latin,2,0.6
ckhor,calor,Latin,2,0.6
ckhor,cor,Latin,2,0.6
cphor,calor,Latin,2,0.6
cphor,cor,Latin,2,0.6
cseol,sol,Latin,2,0.6
cthea,rhea,Latin,2,0.6
cthis,cutis,Latin,2,0.6
cthor,calor,Latin,2,0.6
cthor,cor,Latin,2,0.6
daein,dae,Latin,2,0.6
daein,dei,Latin,2,0.6
daiii,apii,Latin,2,0.6
daiii,dauci,Latin,2,0.6
daiim,dam,Latin,2,0.6
daimg,dam,Latin,2,0.6
daimm,dam,Latin,2,0.6
daird,dare,Latin,2,0.6
dairg,dare,Latin,2,0.6
dairm,dam,Latin,2,0.6
dairm,dare,Latin,2,0.6
dairn,dare,Latin,2,0.6
dairy,dare,Latin,2,0.6
daisi,dauci,Latin,2,0.6
daisi,nasi,Latin,2,0.6
daisi,pisi,Latin,2,0.6
daisi,salsi,Latin,2,0.6
daisi,tarsi,Latin,2,0.6
dalal,mala,Latin,2,0.6
dalar,calor,Latin,2,0.6
dalar,dolor,Latin,2,0.6
dalar,mala,Latin,2,0.6
dalmy,dam,Latin,2,0.6
dalol,calor,Latin,2,0.6
dalol,dolor,Latin,2,0.6
dalom,calor,Latin,2,0.6
dalom,dam,Latin,2,0.6
dalom,dolor,Latin,2,0.6
dalom,malum,Latin,2,0.6
daram,curam,Latin,2,0.6
daram,dam,Latin,2,0.6
daram,dare,Latin,2,0.6
daram,durum,Latin,2,0.6
daram,fabam,Latin,2,0.6
daram,horam,Latin,2,0.6
daram,lavam,Latin,2,0.6
daram,laxam,Latin,2,0.6
daram,rapam,Latin,2,0.6
daram,sanam,Latin,2,0.6
darar,dare,Latin,2,0.6
dardy,dare,Latin,2,0.6
darin,dare,Latin,2,0.6
darin,duri,Latin,2,0.6
darol,caro,Latin,2,0.6
darol,dare,Latin,2,0.6
darom,caro,Latin,2,0.6
darom,dam,Latin,2,0.6
darom,dare,Latin,2,0.6
darom,durum,Latin,2,0.6
daror,calor,Latin,2,0.6
daror,caro,Latin,2,0.6
daror,dare,Latin,2,0.6
daror,dolor,Latin,2,0.6
dchor,cor,Latin,2,0.6
dchor,dolor,Latin,2,0.6
ddary,dare,Latin,2,0.6
deeom,deum,Latin,2,0.6
deeor,dolor,Latin,2,0.6
doary,dare,Latin,2,0.6
doiir,dolor,Latin,2,0.6
doldy,dolor,Latin,2,0.6
dolor,calor,Latin,2,0.6
doral,dormi,Latin,2,0.6
doral,hora,Latin,2,0.6
doral,horae,Latin,2,0.6
doral,horam,Latin,2,0.6
dshol,sol,Latin,2,0.6
dshor,dolor,Latin,2,0.6
echty,echia,Latin,2,0.6
echty,echii,Latin,2,0.6
fchor,cor,Latin,2,0.6
hedal,hepar,Latin,2,0.6
heeor,hepar,Latin,2,0.6
herba,hora,Latin,2,0.6
herba,serva,Latin,2,0.6
herba,terra,Latin,2,0.6
hokal,hora,Latin,2,0.6
hokal,horae,Latin,2,0.6
hokal,horam,Latin,2,0.6
kalos,aloes,Latin,2,0.6
kalos,calor,Latin,2,0.6
kalos,flos,Latin,2,0.6
kalos,malus,Latin,2,0.6
kasol,sol,Latin,2,0.6
kchea,echia,Latin,2,0.6
kchea,rhea,Latin,2,0.6
kchor,cor,Latin,2,0.6
kedar,hepar,Latin,2,0.6
khear,hepar,Latin,2,0.6
khear,rhea,Latin,2,0.6
kshol,sol,Latin,2,0.6
laiin,lati,Latin,2,0.6
lanes,latus,Latin,2,0.6
lanes,lens,Latin,2,0.6
lanes,manus,Latin,2,0.6
larol,caro,Latin,2,0.6
leves,lens,Latin,2,0.6
loiin,loci,Latin,2,0.6
loral,hora,Latin,2,0.6
loral,horae,Latin,2,0.6
loral,horam,Latin,2,0.6
lotor,dolor,Latin,2,0.6
ochor,cor,Latin,2,0.6
odamy,dam,Latin,2,0.6
odare,dae,Latin,2,0.6
odare,edere,Latin,2,0.6
oedar,hepar,Latin,2,0.6
oeear,hepar,Latin,2,0.6
oeeen,semen,Latin,2,0.6
oekar,hepar,Latin,2,0.6
oiees,dies,Latin,2,0.6
oiees,hiems,Latin,2,0.6
okara,asara,Latin,2,0.6
okaro,caro,Latin,2,0.6
okora,hora,Latin,2,0.6
olcha,nucha,Latin,2,0.6
olcha,oliva,Latin,2,0.6
oldam,dam,Latin,2,0.6
oldor,dolor,Latin,2,0.6
oldor,sudor,Latin,2,0.6
olees,aloes,Latin,2,0.6
olees,lens,Latin,2,0.6
olfor,dolor,Latin,2,0.6
olols,aloes,Latin,2,0.6
olols,flos,Latin,2,0.6
ookam,comam,Latin,2,0.6
ookam,horam,Latin,2,0.6
ookam,rosam,Latin,2,0.6
oorar,hora,Latin,2,0.6
oorar,horae,Latin,2,0.6
oorar,horam,Latin,2,0.6
ooror,dolor,Latin,2,0.6
opees,pes,Latin,2,0.6
orara,asara,Latin,2,0.6
orara,draba,Latin,2,0.6
orara,porra,Latin,2,0.6
orara,rapa,Latin,2,0.6
osain,ossis,Latin,2,0.6
oshol,sol,Latin,2,0.6
otais,ossis,Latin,2,0.6
otaro,caro,Latin,2,0.6
otcha,nucha,Latin,2,0.6
pchda,echia,Latin,2,0.6
pchor,cor,Latin,2,0.6
plane,plaga,Latin,2,0.6
plant,plaga,Latin,2,0.6
polol,dolor,Latin,2,0.6
ponds,bonus,Latin,2,0.6
ponds,pinus,Latin,2,0.6
porol,porra,Latin,2,0.6
porol,porri,Latin,2,0.6
pshol,sol,Latin,2,0.6
qekam,cepam,Latin,2,0.6
qekam,venam,Latin,2,0.6
qodam,comam,Latin,2,0.6
qodam,dam,Latin,2,0.6
qodam,horam,Latin,2,0.6
qodam,rosam,Latin,2,0.6
qoeor,dolor,Latin,2,0.6
qokam,comam,Latin,2,0.6
qokam,horam,Latin,2,0.6
qokam,rosam,Latin,2,0.6
qokor,dolor,Latin,2,0.6
qokra,hora,Latin,2,0.6
qokra,porra,Latin,2,0.6
qolol,dolor,Latin,2,0.6
qopor,dolor,Latin,2,0.6
qorar,hora,Latin,2,0.6
qorar,horae,Latin,2,0.6
qorar,horam,Latin,2,0.6
qotam,comam,Latin,2,0.6
qotam,horam,Latin,2,0.6
qotam,rosam,Latin,2,0.6
qotam,rutam,Latin,2,0.6
qotor,dolor,Latin,2,0.6
raiin,radix,Latin,2,0.6
raral,rapa,Latin,2,0.6
raral,rapae,Latin,2,0.6
raral,rapam,Latin,2,0.6
rcheo,rhea,Latin,2,0.6
rcheo,rhei,Latin,2,0.6
rodam,comam,Latin,2,0.6
rodam,dam,Latin,2,0.6
rodam,horam,Latin,2,0.6
rodam,rapam,Latin,2,0.6
rodam,rosa,Latin,2,0.6
rodam,rosae,Latin,2,0.6
rodam,rutam,Latin,2,0.6
rshey,rhea,Latin,2,0.6
rshey,rhei,Latin,2,0.6
rshor,rubor,Latin,2,0.6
saiin,salix,Latin,2,0.6
saiir,salix,Latin,2,0.6
sainn,sana,Latin,2,0.6
sainn,spina,Latin,2,0.6
sainy,sana,Latin,2,0.6
sainy,spina,Latin,2,0.6
saldy,salix,Latin,2,0.6
saldy,salsi,Latin,2,0.6
salol,calor,Latin,2,0.6
salol,salix,Latin,2,0.6
salol,salsi,Latin,2,0.6
salol,sol,Latin,2,0.6
sarol,caro,Latin,2,0.6
sarol,sol,Latin,2,0.6
scars,caro,Latin,2,0.6
seear,hepar,Latin,2,0.6
shara,asara,Latin,2,0.6
shara,hora,Latin,2,0.6
shara,sana,Latin,2,0.6
shdar,sudor,Latin,2,0.6
shdol,sol,Latin,2,0.6
shdol,sudor,Latin,2,0.6
sheam,rhea,Latin,2,0.6
sheam,rheum,Latin,2,0.6
sheam,sanam,Latin,2,0.6
shear,hepar,Latin,2,0.6
shear,rhea,Latin,2,0.6
sheea,rhea,Latin,2,0.6
sheir,rhei,Latin,2,0.6
sheoa,rhea,Latin,2,0.6
sheol,sol,Latin,2,0.6
sheom,rheum,Latin,2,0.6
sheor,sudor,Latin,2,0.6
shere,edere,Latin,2,0.6
shere,tere,Latin,2,0.6
shere,utere,Latin,2,0.6
shoes,aloes,Latin,2,0.6
shold,sol,Latin,2,0.6
sholy,sol,Latin,2,0.6
shory,hora,Latin,2,0.6
shrol,sol,Latin,2,0.6
shtol,sol,Latin,2,0.6
sided,sidi,Latin,2,0.6
sided,sidum,Latin,2,0.6
sided,sidus,Latin,2,0.6
siiin,sidi,Latin,2,0.6
slide,sidi,Latin,2,0.6
sodal,sol,Latin,2,0.6
sodar,sudor,Latin,2,0.6
solar,dolor,Latin,2,0.6
solar,sol,Latin,2,0.6
solar,solve,Latin,2,0.6
soldy,sol,Latin,2,0.6
soldy,solve,Latin,2,0.6
solol,dolor,Latin,2,0.6
solol,sol,Latin,2,0.6
solol,solve,Latin,2,0.6
soral,hora,Latin,2,0.6
soral,horae,Latin,2,0.6
soral,horam,Latin,2,0.6
soral,sol,Latin,2,0.6
sorol,sol,Latin,2,0.6
sosar,rosa,Latin,2,0.6
sosar,rosae,Latin,2,0.6
sosar,rosam,Latin,2,0.6
sshor,sudor,Latin,2,0.6
talol,calor,Latin,2,0.6
tapir,apia,Latin,2,0.6
tapir,apii,Latin,2,0.6
tapir,napi,Latin,2,0.6
tarol,caro,Latin,2,0.6
tarol,tarsi,Latin,2,0.6
tchor,cor,Latin,2,0.6
tchor,tumor,Latin,2,0.6
teedy,tendo,Latin,2,0.6
teody,tendo,Latin,2,0.6
todor,dolor,Latin,2,0.6
todor,sudor,Latin,2,0.6
todor,tumor,Latin,2,0.6
tolol,dolor,Latin,2,0.6
ychor,cor,Latin,2,0.6
ytede,ede,Latin,2,0.6
ytede,tere,Latin,2,0.6
ytede,utere,Latin,2,0.6
ai,pi,Latin,1,0.5
am,m,Abbrev (m/n),1,0.5
an,n,Abbrev (n/m),1,0.5
as,os,Latin,1,0.5
cm,m,Abbrev (m/n),1,0.5
cs,os,Latin,1,0.5
dl,da,Latin,1,0.5
dm,da,Latin,1,0.5
dm,m,Abbrev (m/n),1,0.5
do,da,Latin,1,0.5
dy,da,Latin,1,0.5
es,os,Latin,1,0.5
fm,m,Abbrev (m/n),1,0.5
gm,m,Abbrev (m/n),1,0.5
in,n,Abbrev (n/m),1,0.5
ka,da,Latin,1,0.5
ls,os,Latin,1,0.5
oc,os,Latin,1,0.5
od,os,Latin,1,0.5
of,os,Latin,1,0.5
ok,os,Latin,1,0.5
ol,os,Latin,1,0.5
om,os,Latin,1,0.5
om,m,Abbrev (m/n),1,0.5
or,os,Latin,1,0.5
ot,os,Latin,1,0.5
oy,os,Latin,1,0.5
qo,q,Abbrev (que/qui/quod/quam),1,0.5
qy,q,Abbrev (que/qui/quod/quam),1,0.5
ra,da,Latin,1,0.5
sa,da,Latin,1,0.5
ta,da,Latin,1,0.5
vm,m,Abbrev (m/n),1,0.5
xy,x,Abbrev (christ/decem),1,0.5
ym,m,Abbrev (m/n),1,0.5
