voynich_word,profile,candidates,confidence
chol,Generic Herb,Generic,Low
chey,Generic Herb,Generic,Low
or,Generic Herb,Generic,Low
chor,Generic Herb,Generic,Low
otaiin,Generic Herb,Generic,Low
okeey,Generic Herb,Generic,Low
qol,"Infusion Herb (e.g. Mint, Sage)","Mint, Sage, Wormwood, Rue, Lavender",Medium (Functional Match)
dain,Generic Herb,Generic,Low
chckhy,Generic Herb,Generic,Low
chdy,Generic Herb,Generic,Low
okal,Generic Herb,Generic,Low
otal,Generic Herb,Generic,Low
chy,Generic Herb,Generic,Low
okar,Generic Herb,Generic,Low
okedy,"Pot Herb / Root (e.g. Betony, Radish)","Betony, Mallow, Radish, Mandrake (Root), Fennel",Medium (Functional Match)
lchedy,"Pot Herb / Root (e.g. Betony, Radish)","Betony, Mallow, Radish, Mandrake (Root), Fennel",Medium (Functional Match)
oty,Generic Herb,Generic,Low
okeedy,"Pot Herb / Root (e.g. Betony, Radish)","Betony, Mallow, Radish, Mandrake (Root), Fennel",Medium (Functional Match)
okain,Generic Herb,Generic,Low
y,Generic Herb,Generic,Low
qokol,Generic Herb,Generic,Low
cheor,Generic Herb,Generic,Low
chody,Generic Herb,Generic,Low
oky,Generic Herb,Generic,Low
kaiin,Generic Herb,Generic,Low
chcthy,Generic Herb,Generic,Low
cheody,Generic Herb,Generic,Low
char,Generic Herb,Generic,Low
qokchy,Generic Herb,Generic,Low
okol,Generic Herb,Generic,Low
dor,Generic Herb,Generic,Low
cheky,Generic Herb,Generic,Low
okeol,Generic Herb,Generic,Low
odaiin,Generic Herb,Generic,Low
cho,Generic Herb,Generic,Low
chear,Generic Herb,Generic,Low
oly,Generic Herb,Generic,Low
olkeedy,"Pot Herb / Root (e.g. Betony, Radish)","Betony, Mallow, Radish, Mandrake (Root), Fennel",Medium (Functional Match)
qodaiin,Generic Herb,Generic,Low
chaiin,Generic Herb,Generic,Low
chal,Generic Herb,Generic,Low
oraiin,Generic Herb,Generic,Low
otam,Generic Herb,Generic,Low
lkeedy,"Pot Herb / Root (e.g. Betony, Radish)","Betony, Mallow, Radish, Mandrake (Root), Fennel",Medium (Functional Match)
chodaiin,Generic Herb,Generic,Low
oteol,Generic Herb,Generic,Low
ody,Generic Herb,Generic,Low
choky,Generic Herb,Generic,Low
choty,Generic Herb,Generic,Low
chos,Generic Herb,Generic,Low
okchy,Generic Herb,Generic,Low
checthy,Generic Herb,Generic,Low
lkar,Dry Spice / Resin,"Pepper, Ginger, Cumin, Resin",Low
kain,Generic Herb,Generic,Low
dchy,Generic Herb,Generic,Low
otchedy,Generic Herb,Generic,Low
oaiin,Generic Herb,Generic,Low
dchedy,Generic Herb,Generic,Low
otchdy,Generic Herb,Generic,Low
tchy,"Spring Tonic (e.g. Nettle, Dandelion)","Nettle, Dandelion, Primrose, Violet",High (Seasonal Match)
okam,Generic Herb,Generic,Low
yty,Generic Herb,Generic,Low
qoaiin,Generic Herb,Generic,Low
okchedy,Generic Herb,Generic,Low
odar,Generic Herb,Generic,Low
chety,Generic Herb,Generic,Low
tal,Generic Herb,Generic,Low
os,Generic Herb,Generic,Low
qor,Generic Herb,Generic,Low
okair,Generic Herb,Generic,Low
okchdy,Generic Herb,Generic,Low
okeeey,Generic Herb,Generic,Low
oiin,Generic Herb,Generic,Low
chl,Generic Herb,Generic,Low
kor,Generic Herb,Generic,Low
okeor,Generic Herb,Generic,Low
kchedy,Generic Herb,Generic,Low
chkaiin,Generic Herb,Generic,Low
chdal,Generic Herb,Generic,Low
olkar,Generic Herb,Generic,Low
shed,"Spring Tonic (e.g. Nettle, Dandelion)","Nettle, Dandelion, Primrose, Violet",High (Seasonal Match)
kchdy,Generic Herb,Generic,Low
okai?n,Generic Herb,Generic,Low
oldy,Generic Herb,Generic,Low
chocthy,Generic Herb,Generic,Low
chky,Generic Herb,Generic,Low
ols,Generic Herb,Generic,Low
otchor,Generic Herb,Generic,Low
okaly,"Pot Herb / Root (e.g. Betony, Radish)","Betony, Mallow, Radish, Mandrake (Root), Fennel",Medium (Functional Match)
chockhy,Generic Herb,Generic,Low
otai?n,Generic Herb,Generic,Low
cham,"Spring Tonic (e.g. Nettle, Dandelion)","Nettle, Dandelion, Primrose, Violet",High (Seasonal Match)
okody,Generic Herb,Generic,Low
om,"Spring Tonic (e.g. Nettle, Dandelion)","Nettle, Dandelion, Primrose, Violet",High (Seasonal Match)
oar,Generic Herb,Generic,Low
chokaiin,Generic Herb,Generic,Low
orain,Generic Herb,Generic,Low
cthedy,Generic Herb,Generic,Low
otody,Generic Herb,Generic,Low
olshey,"Spring Tonic (e.g. Nettle, Dandelion)","Nettle, Dandelion, Primrose, Violet",High (Seasonal Match)
cheeody,Generic Herb,Generic,Low
choly,Generic Herb,Generic,Low
chotar,Generic Herb,Generic,Low
opaiin,"Spring Tonic (e.g. Nettle, Dandelion)","Nettle, Dandelion, Primrose, Violet",High (Seasonal Match)
odain,Generic Herb,Generic,Low
chan,Generic Herb,Generic,Low
choiin,"Spring Tonic (e.g. Nettle, Dandelion)","Nettle, Dandelion, Primrose, Violet",High (Seasonal Match)
shocthy,Generic Herb,Generic,Low
ckhor,Generic Herb,Generic,Low
qodar,Generic Herb,Generic,Low
dshor,"Spring Tonic (e.g. Nettle, Dandelion)","Nettle, Dandelion, Primrose, Violet",High (Seasonal Match)
ockhy,Generic Herb,Generic,Low
okeal,Generic Herb,Generic,Low
olar,Generic Herb,Generic,Low
qoteol,Generic Herb,Generic,Low
okeeody,Generic Herb,Generic,Low
olain,"Infusion Herb (e.g. Mint, Sage)","Mint, Sage, Wormwood, Rue, Lavender",Medium (Functional Match)
chedain,"Spring Tonic (e.g. Nettle, Dandelion)","Nettle, Dandelion, Primrose, Violet",High (Seasonal Match)
chom,Generic Herb,Generic,Low
qokchor,Generic Herb,Generic,Low
chkar,Generic Herb,Generic,Low
chodar,"Spring Tonic (e.g. Nettle, Dandelion)","Nettle, Dandelion, Primrose, Violet",High (Seasonal Match)
chty,Generic Herb,Generic,Low
chokeey,Generic Herb,Generic,Low
qoteody,Generic Herb,Generic,Low
cheodaiin,Generic Herb,Generic,Low
qokcho,Generic Herb,Generic,Low
chcphy,Generic Herb,Generic,Low
chdam,Generic Herb,Generic,Low
qokody,"Pot Herb / Root (e.g. Betony, Radish)","Betony, Mallow, Radish, Mandrake (Root), Fennel",Medium (Functional Match)
cthaiin,Generic Herb,Generic,Low
okeeor,Generic Herb,Generic,Low
shees,Generic Herb,Generic,Low
daiin<$><plant>,Generic Herb,Generic,Low
cheockhy,Generic Herb,Generic,Low
octhy,"Spring Tonic (e.g. Nettle, Dandelion)","Nettle, Dandelion, Primrose, Violet",High (Seasonal Match)
k,Generic Herb,Generic,Low
okshy,Generic Herb,Generic,Low
okeo,"Spring Tonic (e.g. Nettle, Dandelion)","Nettle, Dandelion, Primrose, Violet",High (Seasonal Match)
qotody,"Spring Tonic (e.g. Nettle, Dandelion)","Nettle, Dandelion, Primrose, Violet",High (Seasonal Match)
ckheey,"Spring Tonic (e.g. Nettle, Dandelion)","Nettle, Dandelion, Primrose, Violet",High (Seasonal Match)
oees,Generic Herb,Generic,Low
dsho,Generic Herb,Generic,Low
okedal,"Infusion Herb (e.g. Mint, Sage)","Mint, Sage, Wormwood, Rue, Lavender",Medium (Functional Match)
ctheol,Generic Herb,Generic,Low
otoldy,Generic Herb,Generic,Low
oral,Generic Herb,Generic,Low
oram,Generic Herb,Generic,Low
olsheey,Generic Herb,Generic,Low
oteeol,Generic Herb,Generic,Low
chotal,Generic Herb,Generic,Low
sheety,"Spring Tonic (e.g. Nettle, Dandelion)","Nettle, Dandelion, Primrose, Violet",High (Seasonal Match)
tchody,Generic Herb,Generic,Low
opy,Generic Herb,Generic,Low
okaldy,"Spring Tonic (e.g. Nettle, Dandelion)","Nettle, Dandelion, Primrose, Violet",High (Seasonal Match)
chekaiin,"Spring Tonic (e.g. Nettle, Dandelion)","Nettle, Dandelion, Primrose, Violet",High (Seasonal Match)
olkeeey,Dry Spice / Resin,"Pepper, Ginger, Cumin, Resin",Low
ykor,"Spring Tonic (e.g. Nettle, Dandelion)","Nettle, Dandelion, Primrose, Violet",High (Seasonal Match)
ksho,Generic Herb,Generic,Low
olcheol,"Spring Tonic (e.g. Nettle, Dandelion)","Nettle, Dandelion, Primrose, Violet",High (Seasonal Match)
chkain,Generic Herb,Generic,Low
oteo,Generic Herb,Generic,Low
dsheol,"Pot Herb / Root (e.g. Betony, Radish)","Betony, Mallow, Radish, Mandrake (Root), Fennel",Medium (Functional Match)
okary,Generic Herb,Generic,Low
ykchdy,Generic Herb,Generic,Low
ytchdy,"Spring Tonic (e.g. Nettle, Dandelion)","Nettle, Dandelion, Primrose, Violet",High (Seasonal Match)
okedar,"Infusion Herb (e.g. Mint, Sage)","Mint, Sage, Wormwood, Rue, Lavender",Medium (Functional Match)
dalor,Generic Herb,Generic,Low
chr,Generic Herb,Generic,Low
chotaiin,Generic Herb,Generic,Low
oain,Generic Herb,Generic,Low
qok,"Infusion Herb (e.g. Mint, Sage)","Mint, Sage, Wormwood, Rue, Lavender",Medium (Functional Match)
okshey,Generic Herb,Generic,Low
yteeody,Generic Herb,Generic,Low
dan,Generic Herb,Generic,Low
sheeor,Generic Herb,Generic,Low
chcthey,Generic Herb,Generic,Low
chokal,Dry Spice / Resin,"Pepper, Ginger, Cumin, Resin",Low
otcho,"Spring Tonic (e.g. Nettle, Dandelion)","Nettle, Dandelion, Primrose, Violet",High (Seasonal Match)
chod,Generic Herb,Generic,Low
teody,"Spring Tonic (e.g. Nettle, Dandelion)","Nettle, Dandelion, Primrose, Violet",High (Seasonal Match)
chkey,Generic Herb,Generic,Low
chcthedy,"Infusion Herb (e.g. Mint, Sage)","Mint, Sage, Wormwood, Rue, Lavender",Medium (Functional Match)
oiiin,Generic Herb,Generic,Low
otaldy,Generic Herb,Generic,Low
polaiin,Generic Herb,Generic,Low
keeor,"Spring Tonic (e.g. Nettle, Dandelion)","Nettle, Dandelion, Primrose, Violet",High (Seasonal Match)
oldaiin,Generic Herb,Generic,Low
chekey,Generic Herb,Generic,Low
okear,Generic Herb,Generic,Low
olchdy,Generic Herb,Generic,Low
cheodal,Generic Herb,Generic,Low
schey,Generic Herb,Generic,Low
daram,Generic Herb,Generic,Low
ockhey,"Spring Tonic (e.g. Nettle, Dandelion)","Nettle, Dandelion, Primrose, Violet",High (Seasonal Match)
chokar,Generic Herb,Generic,Low
kshey,Generic Herb,Generic,Low
shoiin,"Spring Tonic (e.g. Nettle, Dandelion)","Nettle, Dandelion, Primrose, Violet",High (Seasonal Match)
olchy,"Spring Tonic (e.g. Nettle, Dandelion)","Nettle, Dandelion, Primrose, Violet",High (Seasonal Match)
chory,Generic Herb,Generic,Low
okcheey,Generic Herb,Generic,Low
shockhy,"Spring Tonic (e.g. Nettle, Dandelion)","Nettle, Dandelion, Primrose, Violet",High (Seasonal Match)
ytody,Generic Herb,Generic,Low
osaiin,Generic Herb,Generic,Low
cthal,"Spring Tonic (e.g. Nettle, Dandelion)","Nettle, Dandelion, Primrose, Violet",High (Seasonal Match)
cheeey,Generic Herb,Generic,Low
oko,Generic Herb,Generic,Low
chotol,Generic Herb,Generic,Low
tcheo,"Spring Tonic (e.g. Nettle, Dandelion)","Nettle, Dandelion, Primrose, Violet",High (Seasonal Match)
chdain,"Spring Tonic (e.g. Nettle, Dandelion)","Nettle, Dandelion, Primrose, Violet",High (Seasonal Match)
ochedy,Generic Herb,Generic,Low
okchd,Generic Herb,Generic,Low
olkeol,Generic Herb,Generic,Low
otoly,Generic Herb,Generic,Low
ochey,"Pot Herb / Root (e.g. Betony, Radish)","Betony, Mallow, Radish, Mandrake (Root), Fennel",Medium (Functional Match)
"or,aiin",Generic Herb,Generic,Low
qokeedar,"Spring Tonic (e.g. Nettle, Dandelion)","Nettle, Dandelion, Primrose, Violet",High (Seasonal Match)
x,Generic Herb,Generic,Low
otear,Generic Herb,Generic,Low
cphor,Generic Herb,Generic,Low
oeees,Generic Herb,Generic,Low
chodal,Generic Herb,Generic,Low
chetar,"Spring Tonic (e.g. Nettle, Dandelion)","Nettle, Dandelion, Primrose, Violet",High (Seasonal Match)
qotaly,"Spring Tonic (e.g. Nettle, Dandelion)","Nettle, Dandelion, Primrose, Violet",High (Seasonal Match)
choteey,Generic Herb,Generic,Low
ckheol,Generic Herb,Generic,Low
okaiir,"Spring Tonic (e.g. Nettle, Dandelion)","Nettle, Dandelion, Primrose, Violet",High (Seasonal Match)
qoy,Generic Herb,Generic,Low
cthom,Generic Herb,Generic,Low
doiir,Generic Herb,Generic,Low
ockhedy,Generic Herb,Generic,Low
chd,Generic Herb,Generic,Low
orair,Generic Herb,Generic,Low
okoldy,"Pot Herb / Root (e.g. Betony, Radish)","Betony, Mallow, Radish, Mandrake (Root), Fennel",Medium (Functional Match)
f,Generic Herb,Generic,Low
olkam,"Spring Tonic (e.g. Nettle, Dandelion)","Nettle, Dandelion, Primrose, Violet",High (Seasonal Match)
sos,Generic Herb,Generic,Low
ety,Generic Herb,Generic,Low
okos,Generic Herb,Generic,Low
odor,Generic Herb,Generic,Low
ofchdy,"Spring Tonic (e.g. Nettle, Dandelion)","Nettle, Dandelion, Primrose, Violet",High (Seasonal Match)
cheeos,Generic Herb,Generic,Low
chkedy,"Infusion Herb (e.g. Mint, Sage)","Mint, Sage, Wormwood, Rue, Lavender",Medium (Functional Match)
shekey,Generic Herb,Generic,Low
oteodar,Generic Herb,Generic,Low
chepy,"Spring Tonic (e.g. Nettle, Dandelion)","Nettle, Dandelion, Primrose, Violet",High (Seasonal Match)
chekeey,Generic Herb,Generic,Low
cheom,Generic Herb,Generic,Low
otchar,Dry Spice / Resin,"Pepper, Ginger, Cumin, Resin",Low
oldam,Generic Herb,Generic,Low
pchdar,"Spring Tonic (e.g. Nettle, Dandelion)","Nettle, Dandelion, Primrose, Violet",High (Seasonal Match)
kshedy,"Infusion Herb (e.g. Mint, Sage)","Mint, Sage, Wormwood, Rue, Lavender",Medium (Functional Match)
shekchy,Generic Herb,Generic,Low
pcheody,"Spring Tonic (e.g. Nettle, Dandelion)","Nettle, Dandelion, Primrose, Violet",High (Seasonal Match)
qockhedy,"Pot Herb / Root (e.g. Betony, Radish)","Betony, Mallow, Radish, Mandrake (Root), Fennel",Medium (Functional Match)
oteodaiin,Generic Herb,Generic,Low
olkeeody,Generic Herb,Generic,Low
ykaly,Generic Herb,Generic,Low
okeoly,Generic Herb,Generic,Low
dcheo,"Spring Tonic (e.g. Nettle, Dandelion)","Nettle, Dandelion, Primrose, Violet",High (Seasonal Match)
kcho,Generic Herb,Generic,Low
otchody,Generic Herb,Generic,Low
ksheody,Generic Herb,Generic,Low
pchodaiin,Generic Herb,Generic,Low
qopy,Generic Herb,Generic,Low
chtol,"Spring Tonic (e.g. Nettle, Dandelion)","Nettle, Dandelion, Primrose, Violet",High (Seasonal Match)
ctheor,Generic Herb,Generic,Low
ydy,"Spring Tonic (e.g. Nettle, Dandelion)","Nettle, Dandelion, Primrose, Violet",High (Seasonal Match)
tcheody,Generic Herb,Generic,Low
cheoar,Generic Herb,Generic,Low
okalal,Generic Herb,Generic,Low
qoteor,"Spring Tonic (e.g. Nettle, Dandelion)","Nettle, Dandelion, Primrose, Violet",High (Seasonal Match)
oksho,Generic Herb,Generic,Low
ycho,Generic Herb,Generic,Low
otcham,Generic Herb,Generic,Low
ykeor,"Spring Tonic (e.g. Nettle, Dandelion)","Nettle, Dandelion, Primrose, Violet",High (Seasonal Match)
qotshy,Generic Herb,Generic,Low
qoteeody,Generic Herb,Generic,Low
teeol,Generic Herb,Generic,Low
cheokeey,Generic Herb,Generic,Low
tshdy,"Spring Tonic (e.g. Nettle, Dandelion)","Nettle, Dandelion, Primrose, Violet",High (Seasonal Match)
chetey,Generic Herb,Generic,Low
tcheey,Generic Herb,Generic,Low
lkol,Generic Herb,Generic,Low
kshdy,Generic Herb,Generic,Low
ldar,"Spring Tonic (e.g. Nettle, Dandelion)","Nettle, Dandelion, Primrose, Violet",High (Seasonal Match)
dairal,"Pot Herb / Root (e.g. Betony, Radish)","Betony, Mallow, Radish, Mandrake (Root), Fennel",Medium (Functional Match)
cheekey,"Spring Tonic (e.g. Nettle, Dandelion)","Nettle, Dandelion, Primrose, Violet",High (Seasonal Match)
psheody,"Spring Tonic (e.g. Nettle, Dandelion)","Nettle, Dandelion, Primrose, Violet",High (Seasonal Match)
opcheey,Generic Herb,Generic,Low
loly,Generic Herb,Generic,Low
lpchedy,Generic Herb,Generic,Low
o?aiin,Generic Herb,Generic,Low
ytaly,Generic Herb,Generic,Low
da,Generic Herb,Generic,Low
ykam,"Spring Tonic (e.g. Nettle, Dandelion)","Nettle, Dandelion, Primrose, Violet",High (Seasonal Match)
chckhal,Generic Herb,Generic,Low
chetchy,"Spring Tonic (e.g. Nettle, Dandelion)","Nettle, Dandelion, Primrose, Violet",High (Seasonal Match)
arar,Generic Herb,Generic,Low
par,"Spring Tonic (e.g. Nettle, Dandelion)","Nettle, Dandelion, Primrose, Violet",High (Seasonal Match)
chokey,"Spring Tonic (e.g. Nettle, Dandelion)","Nettle, Dandelion, Primrose, Violet",High (Seasonal Match)
olkair,Generic Herb,Generic,Low
qopaiin,"Spring Tonic (e.g. Nettle, Dandelion)","Nettle, Dandelion, Primrose, Violet",High (Seasonal Match)
otedal,Generic Herb,Generic,Low
pcheor,Generic Herb,Generic,Low
chodain,Generic Herb,Generic,Low
chyky,"Spring Tonic (e.g. Nettle, Dandelion)","Nettle, Dandelion, Primrose, Violet",High (Seasonal Match)
shty,Generic Herb,Generic,Low
chopchy,Generic Herb,Generic,Low
ochol,Generic Herb,Generic,Low
qoteo,"Pot Herb / Root (e.g. Betony, Radish)","Betony, Mallow, Radish, Mandrake (Root), Fennel",Medium (Functional Match)
tchar,Generic Herb,Generic,Low
okeeos,Generic Herb,Generic,Low
pchody,Generic Herb,Generic,Low
olfchedy,"Infusion Herb (e.g. Mint, Sage)","Mint, Sage, Wormwood, Rue, Lavender",Medium (Functional Match)
ckhedy,"Infusion Herb (e.g. Mint, Sage)","Mint, Sage, Wormwood, Rue, Lavender",Medium (Functional Match)
qokdy,Generic Herb,Generic,Low
ofar,Generic Herb,Generic,Low
cheoty,Generic Herb,Generic,Low
lched,"Infusion Herb (e.g. Mint, Sage)","Mint, Sage, Wormwood, Rue, Lavender",Medium (Functional Match)
cheedar,"Infusion Herb (e.g. Mint, Sage)","Mint, Sage, Wormwood, Rue, Lavender",Medium (Functional Match)
opchol,Generic Herb,Generic,Low
qoteeol,"Spring Tonic (e.g. Nettle, Dandelion)","Nettle, Dandelion, Primrose, Violet",High (Seasonal Match)
chcphey,"Infusion Herb (e.g. Mint, Sage)","Mint, Sage, Wormwood, Rue, Lavender",Medium (Functional Match)
chyty,Generic Herb,Generic,Low
chkchy,Generic Herb,Generic,Low
chodchy,Generic Herb,Generic,Low
qocthey,Generic Herb,Generic,Low
lchol,"Spring Tonic (e.g. Nettle, Dandelion)","Nettle, Dandelion, Primrose, Violet",High (Seasonal Match)
otshy,"Spring Tonic (e.g. Nettle, Dandelion)","Nettle, Dandelion, Primrose, Violet",High (Seasonal Match)
chek,"Spring Tonic (e.g. Nettle, Dandelion)","Nettle, Dandelion, Primrose, Violet",High (Seasonal Match)
qop,Generic Herb,Generic,Low
chekeedy,Generic Herb,Generic,Low
qoiin,Generic Herb,Generic,Low
okchar,"Spring Tonic (e.g. Nettle, Dandelion)","Nettle, Dandelion, Primrose, Violet",High (Seasonal Match)
chokchol,Generic Herb,Generic,Low
rcheey,"Pot Herb / Root (e.g. Betony, Radish)","Betony, Mallow, Radish, Mandrake (Root), Fennel",Medium (Functional Match)
olr,Generic Herb,Generic,Low
kcheey,Dry Spice / Resin,"Pepper, Ginger, Cumin, Resin",Low
alar,Generic Herb,Generic,Low
alal,Generic Herb,Generic,Low
kcheody,Generic Herb,Generic,Low
sshedy,"Pot Herb / Root (e.g. Betony, Radish)","Betony, Mallow, Radish, Mandrake (Root), Fennel",Medium (Functional Match)
sheeey,Generic Herb,Generic,Low
olpchedy,Generic Herb,Generic,Low
qokechedy,"Infusion Herb (e.g. Mint, Sage)","Mint, Sage, Wormwood, Rue, Lavender",Medium (Functional Match)
lkchdy,Generic Herb,Generic,Low
chtaiin,Generic Herb,Generic,Low
o?,Generic Herb,Generic,Low
far,"Spring Tonic (e.g. Nettle, Dandelion)","Nettle, Dandelion, Primrose, Violet",High (Seasonal Match)
cheod,Generic Herb,Generic,Low
cho?,Generic Herb,Generic,Low
ochy,Generic Herb,Generic,Low
ot?r,"Infusion Herb (e.g. Mint, Sage)","Mint, Sage, Wormwood, Rue, Lavender",Medium (Functional Match)
dchaiin,Generic Herb,Generic,Low
okoy,Generic Herb,Generic,Low
sshey,Generic Herb,Generic,Low
chokol,Generic Herb,Generic,Low
oltedy,"Spring Tonic (e.g. Nettle, Dandelion)","Nettle, Dandelion, Primrose, Violet",High (Seasonal Match)
olkeeo,Generic Herb,Generic,Low
ofaiin,Generic Herb,Generic,Low
chetedy,"Spring Tonic (e.g. Nettle, Dandelion)","Nettle, Dandelion, Primrose, Violet",High (Seasonal Match)
sodar,Generic Herb,Generic,Low
chaly,Generic Herb,Generic,Low
dalar,Generic Herb,Generic,Low
qokeos,Generic Herb,Generic,Low
lkeol,Dry Spice / Resin,"Pepper, Ginger, Cumin, Resin",Low
cheety,Generic Herb,Generic,Low
otaram,"Pot Herb / Root (e.g. Betony, Radish)","Betony, Mallow, Radish, Mandrake (Root), Fennel",Medium (Functional Match)
opair,"Spring Tonic (e.g. Nettle, Dandelion)","Nettle, Dandelion, Primrose, Violet",High (Seasonal Match)
pchedaiin,Generic Herb,Generic,Low
dshol,Generic Herb,Generic,Low
okchody,Generic Herb,Generic,Low
toy,Generic Herb,Generic,Low
shosaiin,Generic Herb,Generic,Low
teeedy,Generic Herb,Generic,Low
chep,Generic Herb,Generic,Low
chokor,Generic Herb,Generic,Low
che?,Generic Herb,Generic,Low
octhey,Generic Herb,Generic,Low
shekal,"Spring Tonic (e.g. Nettle, Dandelion)","Nettle, Dandelion, Primrose, Violet",High (Seasonal Match)
shockhey,Generic Herb,Generic,Low
sarol,Generic Herb,Generic,Low
pchdair,Generic Herb,Generic,Low
yteeey,Generic Herb,Generic,Low
lkeeedy,Generic Herb,Generic,Low
qool,Generic Herb,Generic,Low
chockhey,Generic Herb,Generic,Low
kary,"Infusion Herb (e.g. Mint, Sage)","Mint, Sage, Wormwood, Rue, Lavender",Medium (Functional Match)
opchedaiin,Generic Herb,Generic,Low
lkshedy,Generic Herb,Generic,Low
cholaiin,Generic Herb,Generic,Low
an,Generic Herb,Generic,Low
otchal,Generic Herb,Generic,Low
pchar,Generic Herb,Generic,Low
od,Generic Herb,Generic,Low
chot,Generic Herb,Generic,Low
qokod,Generic Herb,Generic,Low
cholody,Generic Herb,Generic,Low
sheoy,Generic Herb,Generic,Low
shokaiin,Generic Herb,Generic,Low
chokeody,Generic Herb,Generic,Low
ok?l,Generic Herb,Generic,Low
chokeol,"Spring Tonic (e.g. Nettle, Dandelion)","Nettle, Dandelion, Primrose, Violet",High (Seasonal Match)
chotor,Generic Herb,Generic,Low
chcphedy,Generic Herb,Generic,Low
ypar,Generic Herb,Generic,Low
ykeeor,Generic Herb,Generic,Low
fchdy,Generic Herb,Generic,Low
ckheody,Generic Herb,Generic,Low
cheocthy,Generic Herb,Generic,Low
cheoly,Generic Herb,Generic,Low
oteodal,Generic Herb,Generic,Low
otechy,"Spring Tonic (e.g. Nettle, Dandelion)","Nettle, Dandelion, Primrose, Violet",High (Seasonal Match)
dsheedy,Generic Herb,Generic,Low
loty,"Pot Herb / Root (e.g. Betony, Radish)","Betony, Mallow, Radish, Mandrake (Root), Fennel",Medium (Functional Match)
lkeody,Generic Herb,Generic,Low
okedaiin,"Infusion Herb (e.g. Mint, Sage)","Mint, Sage, Wormwood, Rue, Lavender",Medium (Functional Match)
olcheor,Generic Herb,Generic,Low
chodaly,Generic Herb,Generic,Low
shtchy,Generic Herb,Generic,Low
tshy,Generic Herb,Generic,Low
ysho,Generic Herb,Generic,Low
kchod,Generic Herb,Generic,Low
cheoldy,Generic Herb,Generic,Low
sheodaiin,Generic Herb,Generic,Low
pcheey,Generic Herb,Generic,Low
cholal,Dry Spice / Resin,"Pepper, Ginger, Cumin, Resin",Low
teor,Generic Herb,Generic,Low
ckhody,Generic Herb,Generic,Low
dcheor,Generic Herb,Generic,Low
cpheor,Generic Herb,Generic,Low
of,Generic Herb,Generic,Low
odam,Generic Herb,Generic,Low
ysaiin,Generic Herb,Generic,Low
chepchy,Generic Herb,Generic,Low
olsheol,Generic Herb,Generic,Low
alaiin,Generic Herb,Generic,Low
chetaiin,Generic Herb,Generic,Low
los,Generic Herb,Generic,Low
ykeeedy,Generic Herb,Generic,Low
tchodaiin,Generic Herb,Generic,Low
tedaiin,Dry Spice / Resin,"Pepper, Ginger, Cumin, Resin",Low
okeear,Generic Herb,Generic,Low
lkeeol,"Pot Herb / Root (e.g. Betony, Radish)","Betony, Mallow, Radish, Mandrake (Root), Fennel",Medium (Functional Match)
qoteed,"Pot Herb / Root (e.g. Betony, Radish)","Betony, Mallow, Radish, Mandrake (Root), Fennel",Medium (Functional Match)
qotees,Generic Herb,Generic,Low
fcheey,"Spring Tonic (e.g. Nettle, Dandelion)","Nettle, Dandelion, Primrose, Violet",High (Seasonal Match)
keeos,Generic Herb,Generic,Low
opary,Generic Herb,Generic,Low
shodain,Generic Herb,Generic,Low
kodaiin,"Pot Herb / Root (e.g. Betony, Radish)","Betony, Mallow, Radish, Mandrake (Root), Fennel",Medium (Functional Match)
ckho,"Spring Tonic (e.g. Nettle, Dandelion)","Nettle, Dandelion, Primrose, Violet",High (Seasonal Match)
lshy,Generic Herb,Generic,Low
cheaiin,Generic Herb,Generic,Low
okeom,"Spring Tonic (e.g. Nettle, Dandelion)","Nettle, Dandelion, Primrose, Violet",High (Seasonal Match)
choteol,Generic Herb,Generic,Low
qotcheo,Generic Herb,Generic,Low
odaiiin,Generic Herb,Generic,Low
o???,Generic Herb,Generic,Low
qoair,Generic Herb,Generic,Low
lody,Generic Herb,Generic,Low
octhody,Generic Herb,Generic,Low
olo,"Spring Tonic (e.g. Nettle, Dandelion)","Nettle, Dandelion, Primrose, Violet",High (Seasonal Match)
qokeal,Generic Herb,Generic,Low
chekedy,"Pot Herb / Root (e.g. Betony, Radish)","Betony, Mallow, Radish, Mandrake (Root), Fennel",Medium (Functional Match)
okeshy,"Spring Tonic (e.g. Nettle, Dandelion)","Nettle, Dandelion, Primrose, Violet",High (Seasonal Match)
cher,Generic Herb,Generic,Low
kechdy,Generic Herb,Generic,Low
lsheody,"Spring Tonic (e.g. Nettle, Dandelion)","Nettle, Dandelion, Primrose, Violet",High (Seasonal Match)
pchdaiin,"Infusion Herb (e.g. Mint, Sage)","Mint, Sage, Wormwood, Rue, Lavender",Medium (Functional Match)
qopor,Generic Herb,Generic,Low
chtchy,Generic Herb,Generic,Low
kedar,Generic Herb,Generic,Low
sheet,Generic Herb,Generic,Low
chtedy,"Infusion Herb (e.g. Mint, Sage)","Mint, Sage, Wormwood, Rue, Lavender",Medium (Functional Match)
so,Generic Herb,Generic,Low
olteedy,"Spring Tonic (e.g. Nettle, Dandelion)","Nettle, Dandelion, Primrose, Violet",High (Seasonal Match)
cheodar,"Spring Tonic (e.g. Nettle, Dandelion)","Nettle, Dandelion, Primrose, Violet",High (Seasonal Match)
cheam,Generic Herb,Generic,Low
chotam,Generic Herb,Generic,Low
yteor,Generic Herb,Generic,Low
rary,Generic Herb,Generic,Low
teeody,Generic Herb,Generic,Low
okalol,"Infusion Herb (e.g. Mint, Sage)","Mint, Sage, Wormwood, Rue, Lavender",Medium (Functional Match)
qotshdy,Generic Herb,Generic,Low
qotchd,Generic Herb,Generic,Low
alkain,Generic Herb,Generic,Low
ckhar,Generic Herb,Generic,Low
rchy,"Infusion Herb (e.g. Mint, Sage)","Mint, Sage, Wormwood, Rue, Lavender",Medium (Functional Match)
kechy,Generic Herb,Generic,Low
qotchody,Generic Herb,Generic,Low
chary,Generic Herb,Generic,Low
oro,Generic Herb,Generic,Low
qoeees,Generic Herb,Generic,Low
otaiir,Generic Herb,Generic,Low
chkol,Generic Herb,Generic,Low
choar,"Spring Tonic (e.g. Nettle, Dandelion)","Nettle, Dandelion, Primrose, Violet",High (Seasonal Match)
darar,Generic Herb,Generic,Low
ycheoky,"Pot Herb / Root (e.g. Betony, Radish)","Betony, Mallow, Radish, Mandrake (Root), Fennel",Medium (Functional Match)
che?l,"Spring Tonic (e.g. Nettle, Dandelion)","Nettle, Dandelion, Primrose, Violet",High (Seasonal Match)
olkchey,"Spring Tonic (e.g. Nettle, Dandelion)","Nettle, Dandelion, Primrose, Violet",High (Seasonal Match)
chokchey,Generic Herb,Generic,Low
ok??y,Generic Herb,Generic,Low
qolaiin,"Infusion Herb (e.g. Mint, Sage)","Mint, Sage, Wormwood, Rue, Lavender",Medium (Functional Match)
aldaiin,"Spring Tonic (e.g. Nettle, Dandelion)","Nettle, Dandelion, Primrose, Violet",High (Seasonal Match)
sheodal,"Spring Tonic (e.g. Nettle, Dandelion)","Nettle, Dandelion, Primrose, Violet",High (Seasonal Match)
okshedy,Generic Herb,Generic,Low
okechdy,"Spring Tonic (e.g. Nettle, Dandelion)","Nettle, Dandelion, Primrose, Violet",High (Seasonal Match)
otoky,Generic Herb,Generic,Low
oin,Generic Herb,Generic,Low
dolchedy,"Infusion Herb (e.g. Mint, Sage)","Mint, Sage, Wormwood, Rue, Lavender",Medium (Functional Match)
okeodar,Generic Herb,Generic,Low
cheyky,"Infusion Herb (e.g. Mint, Sage)","Mint, Sage, Wormwood, Rue, Lavender",Medium (Functional Match)
qoeeedy,"Pot Herb / Root (e.g. Betony, Radish)","Betony, Mallow, Radish, Mandrake (Root), Fennel",Medium (Functional Match)
ychedar,Generic Herb,Generic,Low
qockheey,Generic Herb,Generic,Low
alky,Generic Herb,Generic,Low
okom,Generic Herb,Generic,Low
ch?,Generic Herb,Generic,Low
dady,Generic Herb,Generic,Low
chochy,Generic Herb,Generic,Low
qos,Generic Herb,Generic,Low
opydaiin,Generic Herb,Generic,Low
ytshy,"Spring Tonic (e.g. Nettle, Dandelion)","Nettle, Dandelion, Primrose, Violet",High (Seasonal Match)
shotchy,Generic Herb,Generic,Low
oal,Generic Herb,Generic,Low
otch,Generic Herb,Generic,Low
okoly,Generic Herb,Generic,Low
ocphy,Generic Herb,Generic,Low
ykcheor,Generic Herb,Generic,Low
poraiin,"Infusion Herb (e.g. Mint, Sage)","Mint, Sage, Wormwood, Rue, Lavender",Medium (Functional Match)
sheeody,Generic Herb,Generic,Low
ota?,Generic Herb,Generic,Low
ykchody,Generic Herb,Generic,Low
a,Generic Herb,Generic,Low
qotcheedy,Generic Herb,Generic,Low
kcheo,"Spring Tonic (e.g. Nettle, Dandelion)","Nettle, Dandelion, Primrose, Violet",High (Seasonal Match)
qekchdy,"Pot Herb / Root (e.g. Betony, Radish)","Betony, Mallow, Radish, Mandrake (Root), Fennel",Medium (Functional Match)
qoiiin,"Infusion Herb (e.g. Mint, Sage)","Mint, Sage, Wormwood, Rue, Lavender",Medium (Functional Match)
lkeo,Generic Herb,Generic,Low
ofchey,Generic Herb,Generic,Low
choshy,Generic Herb,Generic,Low
kshar,Generic Herb,Generic,Low
as,Generic Herb,Generic,Low
v,Generic Herb,Generic,Low
otalar,Generic Herb,Generic,Low
otalor,"Spring Tonic (e.g. Nettle, Dandelion)","Nettle, Dandelion, Primrose, Violet",High (Seasonal Match)
okalor,"Infusion Herb (e.g. Mint, Sage)","Mint, Sage, Wormwood, Rue, Lavender",Medium (Functional Match)
okalchy,"Spring Tonic (e.g. Nettle, Dandelion)","Nettle, Dandelion, Primrose, Violet",High (Seasonal Match)
sheek,Generic Herb,Generic,Low
oteeedy,"Pot Herb / Root (e.g. Betony, Radish)","Betony, Mallow, Radish, Mandrake (Root), Fennel",Medium (Functional Match)
opcheody,Generic Herb,Generic,Low
darol,Generic Herb,Generic,Low
qoeol,Generic Herb,Generic,Low
qoteeo,Generic Herb,Generic,Low
qoedaiin,"Infusion Herb (e.g. Mint, Sage)","Mint, Sage, Wormwood, Rue, Lavender",Medium (Functional Match)
chetain,"Infusion Herb (e.g. Mint, Sage)","Mint, Sage, Wormwood, Rue, Lavender",Medium (Functional Match)
qodair,Generic Herb,Generic,Low
chckhol,Generic Herb,Generic,Low
qotoiin,Generic Herb,Generic,Low
kshody,Generic Herb,Generic,Low
oeeo,Generic Herb,Generic,Low
rodaiin,Generic Herb,Generic,Low
odl,Generic Herb,Generic,Low
orom,"Spring Tonic (e.g. Nettle, Dandelion)","Nettle, Dandelion, Primrose, Violet",High (Seasonal Match)
qodam,Generic Herb,Generic,Low
daror,Generic Herb,Generic,Low
cheoy,Generic Herb,Generic,Low
dykaiin,Generic Herb,Generic,Low
ofchy,Generic Herb,Generic,Low
ctholy,Generic Herb,Generic,Low
chtar,Generic Herb,Generic,Low
opam,"Spring Tonic (e.g. Nettle, Dandelion)","Nettle, Dandelion, Primrose, Violet",High (Seasonal Match)
otchos,Generic Herb,Generic,Low
ch?ky,Generic Herb,Generic,Low
yk,Generic Herb,Generic,Low
otodar,Generic Herb,Generic,Low
ch?dy,Generic Herb,Generic,Low
okolchy,Generic Herb,Generic,Low
chekody,Generic Herb,Generic,Low
otcheey,Generic Herb,Generic,Low
checthey,"Pot Herb / Root (e.g. Betony, Radish)","Betony, Mallow, Radish, Mandrake (Root), Fennel",Medium (Functional Match)
oair,Generic Herb,Generic,Low
ytchody,Generic Herb,Generic,Low
tedain,"Infusion Herb (e.g. Mint, Sage)","Mint, Sage, Wormwood, Rue, Lavender",Medium (Functional Match)
shodol,"Spring Tonic (e.g. Nettle, Dandelion)","Nettle, Dandelion, Primrose, Violet",High (Seasonal Match)
shodal,Generic Herb,Generic,Low
pchal,Generic Herb,Generic,Low
otalal,Generic Herb,Generic,Low
oleeey,"Spring Tonic (e.g. Nettle, Dandelion)","Nettle, Dandelion, Primrose, Violet",High (Seasonal Match)
raral,Generic Herb,Generic,Low
dairody,"Spring Tonic (e.g. Nettle, Dandelion)","Nettle, Dandelion, Primrose, Violet",High (Seasonal Match)
okcheody,"Pot Herb / Root (e.g. Betony, Radish)","Betony, Mallow, Radish, Mandrake (Root), Fennel",Medium (Functional Match)
okolshy,Generic Herb,Generic,Low
ch,Generic Herb,Generic,Low
ykeeos,"Spring Tonic (e.g. Nettle, Dandelion)","Nettle, Dandelion, Primrose, Violet",High (Seasonal Match)
otalam,Generic Herb,Generic,Low
dalkar,"Pot Herb / Root (e.g. Betony, Radish)","Betony, Mallow, Radish, Mandrake (Root), Fennel",Medium (Functional Match)
pshedy,Generic Herb,Generic,Low
shdal,"Infusion Herb (e.g. Mint, Sage)","Mint, Sage, Wormwood, Rue, Lavender",Medium (Functional Match)
cheokaiin,"Infusion Herb (e.g. Mint, Sage)","Mint, Sage, Wormwood, Rue, Lavender",Medium (Functional Match)
opdaiin,"Spring Tonic (e.g. Nettle, Dandelion)","Nettle, Dandelion, Primrose, Violet",High (Seasonal Match)
sheom,Generic Herb,Generic,Low
chckhaiin,Generic Herb,Generic,Low
qoeeody,Generic Herb,Generic,Low
lkeeo,Generic Herb,Generic,Low
lcheo,Generic Herb,Generic,Low
sa,Generic Herb,Generic,Low
ok,Generic Herb,Generic,Low
loeees,Generic Herb,Generic,Low
cholo,Generic Herb,Generic,Low
qopchor,Generic Herb,Generic,Low
eeor,Generic Herb,Generic,Low
otan,Generic Herb,Generic,Low
ch?r,Generic Herb,Generic,Low
dm,Generic Herb,Generic,Low
cholor,Generic Herb,Generic,Low
qokchod,Generic Herb,Generic,Low
oeear,Generic Herb,Generic,Low
cheen,Generic Herb,Generic,Low
odol,Generic Herb,Generic,Low
choraiin,Generic Herb,Generic,Low
ydal,Generic Herb,Generic,Low
fol,Generic Herb,Generic,Low
sody,Generic Herb,Generic,Low
chcthody,Generic Herb,Generic,Low
ch?y,Generic Herb,Generic,Low
qokeees,Generic Herb,Generic,Low
che??,"Pot Herb / Root (e.g. Betony, Radish)","Betony, Mallow, Radish, Mandrake (Root), Fennel",Medium (Functional Match)
qoteedar,"Infusion Herb (e.g. Mint, Sage)","Mint, Sage, Wormwood, Rue, Lavender",Medium (Functional Match)
sholy,Generic Herb,Generic,Low
otcheor,Generic Herb,Generic,Low
pair,Generic Herb,Generic,Low
choror,Generic Herb,Generic,Low
cpheo,"Infusion Herb (e.g. Mint, Sage)","Mint, Sage, Wormwood, Rue, Lavender",Medium (Functional Match)
cholky,Generic Herb,Generic,Low
opchal,"Spring Tonic (e.g. Nettle, Dandelion)","Nettle, Dandelion, Primrose, Violet",High (Seasonal Match)
lain,"Spring Tonic (e.g. Nettle, Dandelion)","Nettle, Dandelion, Primrose, Violet",High (Seasonal Match)
shokeey,"Pot Herb / Root (e.g. Betony, Radish)","Betony, Mallow, Radish, Mandrake (Root), Fennel",Medium (Functional Match)
ypair,Generic Herb,Generic,Low
chokam,Generic Herb,Generic,Low
sheekar,"Spring Tonic (e.g. Nettle, Dandelion)","Nettle, Dandelion, Primrose, Violet",High (Seasonal Match)
qokcheody,Generic Herb,Generic,Low
shoar,"Spring Tonic (e.g. Nettle, Dandelion)","Nettle, Dandelion, Primrose, Violet",High (Seasonal Match)
otos,Generic Herb,Generic,Low
pcheodar,Dry Spice / Resin,"Pepper, Ginger, Cumin, Resin",Low
olkeechy,Generic Herb,Generic,Low
cheotey,Generic Herb,Generic,Low
qotedal,"Spring Tonic (e.g. Nettle, Dandelion)","Nettle, Dandelion, Primrose, Violet",High (Seasonal Match)
qokaiir,Generic Herb,Generic,Low
chckhd,"Infusion Herb (e.g. Mint, Sage)","Mint, Sage, Wormwood, Rue, Lavender",Medium (Functional Match)
dalaiin,"Infusion Herb (e.g. Mint, Sage)","Mint, Sage, Wormwood, Rue, Lavender",Medium (Functional Match)
shkeey,Generic Herb,Generic,Low
alain,Generic Herb,Generic,Low
olkchdy,"Spring Tonic (e.g. Nettle, Dandelion)","Nettle, Dandelion, Primrose, Violet",High (Seasonal Match)
otches,"Infusion Herb (e.g. Mint, Sage)","Mint, Sage, Wormwood, Rue, Lavender",Medium (Functional Match)
qoeeor,"Infusion Herb (e.g. Mint, Sage)","Mint, Sage, Wormwood, Rue, Lavender",Medium (Functional Match)
olkees,Generic Herb,Generic,Low
chkchol,Generic Herb,Generic,Low
olchor,Generic Herb,Generic,Low
olkeeedy,Generic Herb,Generic,Low
shan,Generic Herb,Generic,Low
qoteeey,"Spring Tonic (e.g. Nettle, Dandelion)","Nettle, Dandelion, Primrose, Violet",High (Seasonal Match)
qopal,Generic Herb,Generic,Low
daiim,Generic Herb,Generic,Low
kchoy,Generic Herb,Generic,Low
kcheor,Generic Herb,Generic,Low
otshol,Generic Herb,Generic,Low
chcfhey,Generic Herb,Generic,Low
qokcheo,Generic Herb,Generic,Low
chotshol,Generic Herb,Generic,Low
olshy,Generic Herb,Generic,Low
okshor,Generic Herb,Generic,Low
qokoldy,Generic Herb,Generic,Low
ot?l,Generic Herb,Generic,Low
tchos,Generic Herb,Generic,Low
ykeos,Generic Herb,Generic,Low
cheekaiin,"Spring Tonic (e.g. Nettle, Dandelion)","Nettle, Dandelion, Primrose, Violet",High (Seasonal Match)
chechey,"Infusion Herb (e.g. Mint, Sage)","Mint, Sage, Wormwood, Rue, Lavender",Medium (Functional Match)
sheokey,Generic Herb,Generic,Low
sodal,Generic Herb,Generic,Low
arodl,Generic Herb,Generic,Low
lchar,Generic Herb,Generic,Low
tshedar,Generic Herb,Generic,Low
chcthhy,"Infusion Herb (e.g. Mint, Sage)","Mint, Sage, Wormwood, Rue, Lavender",Medium (Functional Match)
teo,Generic Herb,Generic,Low
ockhody,Generic Herb,Generic,Low
cheeal,Generic Herb,Generic,Low
ld,Generic Herb,Generic,Low
todal,Generic Herb,Generic,Low
qokeeos,"Infusion Herb (e.g. Mint, Sage)","Mint, Sage, Wormwood, Rue, Lavender",Medium (Functional Match)
chekchy,Generic Herb,Generic,Low
o?eey,Generic Herb,Generic,Low
shsdy,Generic Herb,Generic,Low
kas,"Pot Herb / Root (e.g. Betony, Radish)","Betony, Mallow, Radish, Mandrake (Root), Fennel",Medium (Functional Match)
otedam,Generic Herb,Generic,Low
lcheody,Generic Herb,Generic,Low
okchdar,"Spring Tonic (e.g. Nettle, Dandelion)","Nettle, Dandelion, Primrose, Violet",High (Seasonal Match)
cthes,Generic Herb,Generic,Low
ch?l,"Spring Tonic (e.g. Nettle, Dandelion)","Nettle, Dandelion, Primrose, Violet",High (Seasonal Match)
ok??,"Infusion Herb (e.g. Mint, Sage)","Mint, Sage, Wormwood, Rue, Lavender",Medium (Functional Match)
qoeor,Generic Herb,Generic,Low
ytchoy,Generic Herb,Generic,Low
kchody,Generic Herb,Generic,Low
cheotol,Generic Herb,Generic,Low
chopchey,Generic Herb,Generic,Low
cheain,Generic Herb,Generic,Low
che?y,"Infusion Herb (e.g. Mint, Sage)","Mint, Sage, Wormwood, Rue, Lavender",Medium (Functional Match)
chodey,Generic Herb,Generic,Low
che?r,Generic Herb,Generic,Low
shcphy,Generic Herb,Generic,Low
yol,Generic Herb,Generic,Low
fchol,Generic Herb,Generic,Low
dyky,Generic Herb,Generic,Low
okchal,Generic Herb,Generic,Low
otchdal,Generic Herb,Generic,Low
ofchar,Generic Herb,Generic,Low
otchaiin,Generic Herb,Generic,Low
oeeeos,Generic Herb,Generic,Low
okedor,"Infusion Herb (e.g. Mint, Sage)","Mint, Sage, Wormwood, Rue, Lavender",Medium (Functional Match)
qokchody,"Spring Tonic (e.g. Nettle, Dandelion)","Nettle, Dandelion, Primrose, Violet",High (Seasonal Match)
oltchy,Generic Herb,Generic,Low
soin,"Infusion Herb (e.g. Mint, Sage)","Mint, Sage, Wormwood, Rue, Lavender",Medium (Functional Match)
okchaiin,Generic Herb,Generic,Low
pcheeody,"Spring Tonic (e.g. Nettle, Dandelion)","Nettle, Dandelion, Primrose, Violet",High (Seasonal Match)
qot?r,"Spring Tonic (e.g. Nettle, Dandelion)","Nettle, Dandelion, Primrose, Violet",High (Seasonal Match)
qorain,"Infusion Herb (e.g. Mint, Sage)","Mint, Sage, Wormwood, Rue, Lavender",Medium (Functional Match)
chckh?y,Generic Herb,Generic,Low
chochor,Generic Herb,Generic,Low
cheg,"Infusion Herb (e.g. Mint, Sage)","Mint, Sage, Wormwood, Rue, Lavender",Medium (Functional Match)
dchdar,"Infusion Herb (e.g. Mint, Sage)","Mint, Sage, Wormwood, Rue, Lavender",Medium (Functional Match)
ytodaiin,Generic Herb,Generic,Low
pshdar,Generic Herb,Generic,Low
otedol,Generic Herb,Generic,Low
olos,Generic Herb,Generic,Low
otchodar,Generic Herb,Generic,Low
chokaly,Generic Herb,Generic,Low
pochedy,Generic Herb,Generic,Low
cpheody,Generic Herb,Generic,Low
orcheey,Generic Herb,Generic,Low
otsho,Generic Herb,Generic,Low
tchedor,Generic Herb,Generic,Low
chdol,"Spring Tonic (e.g. Nettle, Dandelion)","Nettle, Dandelion, Primrose, Violet",High (Seasonal Match)
dchos,Generic Herb,Generic,Low
arary,Generic Herb,Generic,Low
pdaiin,Generic Herb,Generic,Low
san,"Infusion Herb (e.g. Mint, Sage)","Mint, Sage, Wormwood, Rue, Lavender",Medium (Functional Match)
okydy,Generic Herb,Generic,Low
cheols,Generic Herb,Generic,Low
ypaiin,Generic Herb,Generic,Low
okeeom,"Pot Herb / Root (e.g. Betony, Radish)","Betony, Mallow, Radish, Mandrake (Root), Fennel",Medium (Functional Match)
chokeedy,"Pot Herb / Root (e.g. Betony, Radish)","Betony, Mallow, Radish, Mandrake (Root), Fennel",Medium (Functional Match)
oteedal,Generic Herb,Generic,Low
saly,"Infusion Herb (e.g. Mint, Sage)","Mint, Sage, Wormwood, Rue, Lavender",Medium (Functional Match)
otaraiin,Generic Herb,Generic,Low
qofchdy,"Spring Tonic (e.g. Nettle, Dandelion)","Nettle, Dandelion, Primrose, Violet",High (Seasonal Match)
opcheor,Generic Herb,Generic,Low
chool,Generic Herb,Generic,Low
qkeody,Generic Herb,Generic,Low
podar,Generic Herb,Generic,Low
qokedain,"Pot Herb / Root (e.g. Betony, Radish)","Betony, Mallow, Radish, Mandrake (Root), Fennel",Medium (Functional Match)
alkeedy,Generic Herb,Generic,Low
okay,Generic Herb,Generic,Low
koshey,"Infusion Herb (e.g. Mint, Sage)","Mint, Sage, Wormwood, Rue, Lavender",Medium (Functional Match)
lchody,Generic Herb,Generic,Low
cha,Generic Herb,Generic,Low
olsy,Generic Herb,Generic,Low
chotols,Generic Herb,Generic,Low
qoos,Generic Herb,Generic,Low
chotain,Generic Herb,Generic,Low
choto,"Pot Herb / Root (e.g. Betony, Radish)","Betony, Mallow, Radish, Mandrake (Root), Fennel",Medium (Functional Match)
choor,Generic Herb,Generic,Low
chykchy,Generic Herb,Generic,Low
kaiiin,Generic Herb,Generic,Low
otydy,Generic Herb,Generic,Low
shkchy,"Pot Herb / Root (e.g. Betony, Radish)","Betony, Mallow, Radish, Mandrake (Root), Fennel",Medium (Functional Match)
oir,Generic Herb,Generic,Low
o?y,Generic Herb,Generic,Low
chokshor,Generic Herb,Generic,Low
tcheor,Generic Herb,Generic,Low
dalchy,Generic Herb,Generic,Low
doiiin,"Spring Tonic (e.g. Nettle, Dandelion)","Nettle, Dandelion, Primrose, Violet",High (Seasonal Match)
chetody,Generic Herb,Generic,Low
qopcheody,Generic Herb,Generic,Low
fcholdy,Generic Herb,Generic,Low
opchar,Generic Herb,Generic,Low
odai?n,Generic Herb,Generic,Low
shkeeo,Generic Herb,Generic,Low
chocphy,Generic Herb,Generic,Low
kchaiin,Generic Herb,Generic,Low
chepar,Generic Herb,Generic,Low
podair,"Infusion Herb (e.g. Mint, Sage)","Mint, Sage, Wormwood, Rue, Lavender",Medium (Functional Match)
shs,"Pot Herb / Root (e.g. Betony, Radish)","Betony, Mallow, Radish, Mandrake (Root), Fennel",Medium (Functional Match)
"o,aiin",Generic Herb,Generic,Low
qokchaiin,Generic Herb,Generic,Low
chkaly,Generic Herb,Generic,Low
ofy,Dry Spice / Resin,"Pepper, Ginger, Cumin, Resin",Low
olkedaiin,"Spring Tonic (e.g. Nettle, Dandelion)","Nettle, Dandelion, Primrose, Violet",High (Seasonal Match)
qokaim,Generic Herb,Generic,Low
otoy,Generic Herb,Generic,Low
old,"Spring Tonic (e.g. Nettle, Dandelion)","Nettle, Dandelion, Primrose, Violet",High (Seasonal Match)
odeedy,Generic Herb,Generic,Low
aldar,Generic Herb,Generic,Low
o?al,Generic Herb,Generic,Low
chcth?y,"Infusion Herb (e.g. Mint, Sage)","Mint, Sage, Wormwood, Rue, Lavender",Medium (Functional Match)
okas,Generic Herb,Generic,Low
kchdal,Generic Herb,Generic,Low
tockhy,Generic Herb,Generic,Low
dshody,Generic Herb,Generic,Low
chpal,"Spring Tonic (e.g. Nettle, Dandelion)","Nettle, Dandelion, Primrose, Violet",High (Seasonal Match)
tchoky,"Infusion Herb (e.g. Mint, Sage)","Mint, Sage, Wormwood, Rue, Lavender",Medium (Functional Match)
qokcheey,Generic Herb,Generic,Low
chorol,Generic Herb,Generic,Low
karody,Generic Herb,Generic,Low
okalody,Generic Herb,Generic,Low
otaim,"Infusion Herb (e.g. Mint, Sage)","Mint, Sage, Wormwood, Rue, Lavender",Medium (Functional Match)
okalchedy,Generic Herb,Generic,Low
olam,Generic Herb,Generic,Low
oekey,Generic Herb,Generic,Low
otcheody,Generic Herb,Generic,Low
okady,Generic Herb,Generic,Low
okeodal,Generic Herb,Generic,Low
charam,Generic Herb,Generic,Low
oteoldy,"Pot Herb / Root (e.g. Betony, Radish)","Betony, Mallow, Radish, Mandrake (Root), Fennel",Medium (Functional Match)
soral,Generic Herb,Generic,Low
dched,Generic Herb,Generic,Low
sokeey,Generic Herb,Generic,Low
cpheol,Generic Herb,Generic,Low
pshodaiin,Generic Herb,Generic,Low
chdaly,"Infusion Herb (e.g. Mint, Sage)","Mint, Sage, Wormwood, Rue, Lavender",Medium (Functional Match)
dairy,"Infusion Herb (e.g. Mint, Sage)","Mint, Sage, Wormwood, Rue, Lavender",Medium (Functional Match)
oldain,Generic Herb,Generic,Low
odan,Generic Herb,Generic,Low
okodar,Generic Herb,Generic,Low
otoaiin,Generic Herb,Generic,Low
chodair,Generic Herb,Generic,Low
chapchy,Generic Herb,Generic,Low
chokody,"Infusion Herb (e.g. Mint, Sage)","Mint, Sage, Wormwood, Rue, Lavender",Medium (Functional Match)
cholols,Generic Herb,Generic,Low
oteeam,"Infusion Herb (e.g. Mint, Sage)","Mint, Sage, Wormwood, Rue, Lavender",Medium (Functional Match)
cho?y,"Spring Tonic (e.g. Nettle, Dandelion)","Nettle, Dandelion, Primrose, Violet",High (Seasonal Match)
oiir,Generic Herb,Generic,Low
chofchy,Generic Herb,Generic,Low
chsey,Generic Herb,Generic,Low
ch???,"Infusion Herb (e.g. Mint, Sage)","Mint, Sage, Wormwood, Rue, Lavender",Medium (Functional Match)
doaiin,Generic Herb,Generic,Low
okald,Generic Herb,Generic,Low
chckhhy,Generic Herb,Generic,Low
shtshy,Dry Spice / Resin,"Pepper, Ginger, Cumin, Resin",Low
chop,"Infusion Herb (e.g. Mint, Sage)","Mint, Sage, Wormwood, Rue, Lavender",Medium (Functional Match)
ychody,Generic Herb,Generic,Low
ok?r,Generic Herb,Generic,Low
chcthal,Generic Herb,Generic,Low
odaiir,Generic Herb,Generic,Low
olchar,"Spring Tonic (e.g. Nettle, Dandelion)","Nettle, Dandelion, Primrose, Violet",High (Seasonal Match)
otchm,Generic Herb,Generic,Low
otch?,Generic Herb,Generic,Low
qoear,"Infusion Herb (e.g. Mint, Sage)","Mint, Sage, Wormwood, Rue, Lavender",Medium (Functional Match)
chsky,"Pot Herb / Root (e.g. Betony, Radish)","Betony, Mallow, Radish, Mandrake (Root), Fennel",Medium (Functional Match)
pchodar,Generic Herb,Generic,Low
qopchar,Generic Herb,Generic,Low
choko,Generic Herb,Generic,Low
olsheor,"Pot Herb / Root (e.g. Betony, Radish)","Betony, Mallow, Radish, Mandrake (Root), Fennel",Medium (Functional Match)
o?edy,Generic Herb,Generic,Low
als,Dry Spice / Resin,"Pepper, Ginger, Cumin, Resin",Low
kcheodaiin,Generic Herb,Generic,Low
loiin,Generic Herb,Generic,Low
qokeeaiin,"Pot Herb / Root (e.g. Betony, Radish)","Betony, Mallow, Radish, Mandrake (Root), Fennel",Medium (Functional Match)
podaiir,"Spring Tonic (e.g. Nettle, Dandelion)","Nettle, Dandelion, Primrose, Violet",High (Seasonal Match)
tedo,Generic Herb,Generic,Low
pchedain,Generic Herb,Generic,Low
sheeeky,"Infusion Herb (e.g. Mint, Sage)","Mint, Sage, Wormwood, Rue, Lavender",Medium (Functional Match)
pchdol,"Spring Tonic (e.g. Nettle, Dandelion)","Nettle, Dandelion, Primrose, Violet",High (Seasonal Match)
lory,Generic Herb,Generic,Low
olaiir,Generic Herb,Generic,Low
oteoly,Generic Herb,Generic,Low
oltshey,"Infusion Herb (e.g. Mint, Sage)","Mint, Sage, Wormwood, Rue, Lavender",Medium (Functional Match)
lchdal,Generic Herb,Generic,Low
orai?n,Generic Herb,Generic,Low
c,Generic Herb,Generic,Low
oteeoaly,Generic Herb,Generic,Low
qokalor,"Pot Herb / Root (e.g. Betony, Radish)","Betony, Mallow, Radish, Mandrake (Root), Fennel",Medium (Functional Match)
oekeody,Generic Herb,Generic,Low
salol,Generic Herb,Generic,Low
oreeey,"Spring Tonic (e.g. Nettle, Dandelion)","Nettle, Dandelion, Primrose, Violet",High (Seasonal Match)
okeeam,Generic Herb,Generic,Low
chady,Generic Herb,Generic,Low
sheodaly,Generic Herb,Generic,Low
okeoldy,"Pot Herb / Root (e.g. Betony, Radish)","Betony, Mallow, Radish, Mandrake (Root), Fennel",Medium (Functional Match)
ytedar,"Pot Herb / Root (e.g. Betony, Radish)","Betony, Mallow, Radish, Mandrake (Root), Fennel",Medium (Functional Match)
cholkeedy,"Pot Herb / Root (e.g. Betony, Radish)","Betony, Mallow, Radish, Mandrake (Root), Fennel",Medium (Functional Match)
cheok,"Infusion Herb (e.g. Mint, Sage)","Mint, Sage, Wormwood, Rue, Lavender",Medium (Functional Match)
otalsy,Generic Herb,Generic,Low
keeeol,Generic Herb,Generic,Low
opchody,Generic Herb,Generic,Low
toky,Generic Herb,Generic,Low
tshod,Generic Herb,Generic,Low
chctham,"Infusion Herb (e.g. Mint, Sage)","Mint, Sage, Wormwood, Rue, Lavender",Medium (Functional Match)
kshed,"Pot Herb / Root (e.g. Betony, Radish)","Betony, Mallow, Radish, Mandrake (Root), Fennel",Medium (Functional Match)
qokeeod,"Pot Herb / Root (e.g. Betony, Radish)","Betony, Mallow, Radish, Mandrake (Root), Fennel",Medium (Functional Match)
cheokeol,Generic Herb,Generic,Low
olsho,Generic Herb,Generic,Low
qoeeol,"Pot Herb / Root (e.g. Betony, Radish)","Betony, Mallow, Radish, Mandrake (Root), Fennel",Medium (Functional Match)
oaiir,Generic Herb,Generic,Low
pcheo,Generic Herb,Generic,Low
okedain,"Pot Herb / Root (e.g. Betony, Radish)","Betony, Mallow, Radish, Mandrake (Root), Fennel",Medium (Functional Match)
pchodain,"Pot Herb / Root (e.g. Betony, Radish)","Betony, Mallow, Radish, Mandrake (Root), Fennel",Medium (Functional Match)
kchom,Generic Herb,Generic,Low
ochar,Generic Herb,Generic,Low
otoiin,Generic Herb,Generic,Low
qokoy,"Pot Herb / Root (e.g. Betony, Radish)","Betony, Mallow, Radish, Mandrake (Root), Fennel",Medium (Functional Match)
ochody,Generic Herb,Generic,Low
oykeey,Generic Herb,Generic,Low
ololdy,"Spring Tonic (e.g. Nettle, Dandelion)","Nettle, Dandelion, Primrose, Violet",High (Seasonal Match)
oeor,Generic Herb,Generic,Low
chefchy,Generic Herb,Generic,Low
olchdaiin,Generic Herb,Generic,Low
chosar,Generic Herb,Generic,Low
taraiin,Generic Herb,Generic,Low
opches,Generic Herb,Generic,Low
ofair,Generic Herb,Generic,Low
chotair,"Spring Tonic (e.g. Nettle, Dandelion)","Nettle, Dandelion, Primrose, Violet",High (Seasonal Match)
choeky,Generic Herb,Generic,Low
chockhdy,Generic Herb,Generic,Low
chokai?n,Generic Herb,Generic,Low
chodr,Generic Herb,Generic,Low
chcfhy,Generic Herb,Generic,Low
chokeeody,Generic Herb,Generic,Low
opchear,Generic Herb,Generic,Low
ockhol,Generic Herb,Generic,Low
yair,Generic Herb,Generic,Low
xar,"Pot Herb / Root (e.g. Betony, Radish)","Betony, Mallow, Radish, Mandrake (Root), Fennel",Medium (Functional Match)
sher,Generic Herb,Generic,Low
oteom,Generic Herb,Generic,Low
chepchey,Generic Herb,Generic,Low
okyd,Generic Herb,Generic,Low
otcheo,Generic Herb,Generic,Low
okchdal,"Spring Tonic (e.g. Nettle, Dandelion)","Nettle, Dandelion, Primrose, Violet",High (Seasonal Match)
cheorol,"Spring Tonic (e.g. Nettle, Dandelion)","Nettle, Dandelion, Primrose, Violet",High (Seasonal Match)
okeeeody,Generic Herb,Generic,Low
otoar,Generic Herb,Generic,Low
cholkal,Generic Herb,Generic,Low
cheary,Generic Herb,Generic,Low
okeodaly,Generic Herb,Generic,Low
qy,Generic Herb,Generic,Low
qoteesy,"Pot Herb / Root (e.g. Betony, Radish)","Betony, Mallow, Radish, Mandrake (Root), Fennel",Medium (Functional Match)
chckhody,"Pot Herb / Root (e.g. Betony, Radish)","Betony, Mallow, Radish, Mandrake (Root), Fennel",Medium (Functional Match)
okod,Generic Herb,Generic,Low
dcheos,Generic Herb,Generic,Low
chekol,"Spring Tonic (e.g. Nettle, Dandelion)","Nettle, Dandelion, Primrose, Violet",High (Seasonal Match)
okeam,Generic Herb,Generic,Low
tchdor,Generic Herb,Generic,Low
alod,"Infusion Herb (e.g. Mint, Sage)","Mint, Sage, Wormwood, Rue, Lavender",Medium (Functional Match)
odaly,"Infusion Herb (e.g. Mint, Sage)","Mint, Sage, Wormwood, Rue, Lavender",Medium (Functional Match)
sheocphy,Generic Herb,Generic,Low
chosaiin,Generic Herb,Generic,Low
chchy,"Infusion Herb (e.g. Mint, Sage)","Mint, Sage, Wormwood, Rue, Lavender",Medium (Functional Match)
pcholy,Dry Spice / Resin,"Pepper, Ginger, Cumin, Resin",Low
deeor,Generic Herb,Generic,Low
oror,Generic Herb,Generic,Low
cheekain,Generic Herb,Generic,Low
qokeain,"Pot Herb / Root (e.g. Betony, Radish)","Betony, Mallow, Radish, Mandrake (Root), Fennel",Medium (Functional Match)
oydar,Generic Herb,Generic,Low
kshoy,Generic Herb,Generic,Low
ckhoy,Generic Herb,Generic,Low
dan<$><plant>,Generic Herb,Generic,Low
olytol,Generic Herb,Generic,Low
osh,Generic Herb,Generic,Low
chot?,Generic Herb,Generic,Low
oto?,Generic Herb,Generic,Low
ch??y,"Spring Tonic (e.g. Nettle, Dandelion)","Nettle, Dandelion, Primrose, Violet",High (Seasonal Match)
chof,Generic Herb,Generic,Low
ocho,Generic Herb,Generic,Low
otorchy,Generic Herb,Generic,Low
chcthod,Generic Herb,Generic,Low
dydy,"Infusion Herb (e.g. Mint, Sage)","Mint, Sage, Wormwood, Rue, Lavender",Medium (Functional Match)
orshy,Generic Herb,Generic,Low
octhol,Generic Herb,Generic,Low
"chol,daiin",Generic Herb,Generic,Low
cholkaiin,Generic Herb,Generic,Low
chkor,Generic Herb,Generic,Low
ch??,Generic Herb,Generic,Low
octhor,"Pot Herb / Root (e.g. Betony, Radish)","Betony, Mallow, Radish, Mandrake (Root), Fennel",Medium (Functional Match)
oloiin,"Spring Tonic (e.g. Nettle, Dandelion)","Nettle, Dandelion, Primrose, Violet",High (Seasonal Match)
oldor,"Spring Tonic (e.g. Nettle, Dandelion)","Nettle, Dandelion, Primrose, Violet",High (Seasonal Match)
otdy,"Spring Tonic (e.g. Nettle, Dandelion)","Nettle, Dandelion, Primrose, Violet",High (Seasonal Match)
olsar,Generic Herb,Generic,Low
okeer,Generic Herb,Generic,Low
chcth,Generic Herb,Generic,Low
oke?,Generic Herb,Generic,Low
chokchaiin,Generic Herb,Generic,Low
chotchol,"Spring Tonic (e.g. Nettle, Dandelion)","Nettle, Dandelion, Primrose, Violet",High (Seasonal Match)
cheo?,Generic Herb,Generic,Low
ch?k?y,Generic Herb,Generic,Low
otas,Generic Herb,Generic,Low
cheef,"Infusion Herb (e.g. Mint, Sage)","Mint, Sage, Wormwood, Rue, Lavender",Medium (Functional Match)
chee,Generic Herb,Generic,Low
okeeeo,Generic Herb,Generic,Low
oke?y,"Spring Tonic (e.g. Nettle, Dandelion)","Nettle, Dandelion, Primrose, Violet",High (Seasonal Match)
arl,Generic Herb,Generic,Low
ofchor,Generic Herb,Generic,Low
qokalchdy,"Spring Tonic (e.g. Nettle, Dandelion)","Nettle, Dandelion, Primrose, Violet",High (Seasonal Match)
chekchey,Generic Herb,Generic,Low
akar,Generic Herb,Generic,Low
otolol,Generic Herb,Generic,Low
chckheey,Generic Herb,Generic,Low
chefy,Generic Herb,Generic,Low
chekcheey,Generic Herb,Generic,Low
cheetam,Generic Herb,Generic,Low
oteo?,Generic Herb,Generic,Low
qotsheod,"Infusion Herb (e.g. Mint, Sage)","Mint, Sage, Wormwood, Rue, Lavender",Medium (Functional Match)
chdody,Generic Herb,Generic,Low
keechy,Generic Herb,Generic,Low
chet,Generic Herb,Generic,Low
chokchodaiin,Generic Herb,Generic,Low
cheokor,Generic Herb,Generic,Low
chepaiin,Generic Herb,Generic,Low
choksy,"Pot Herb / Root (e.g. Betony, Radish)","Betony, Mallow, Radish, Mandrake (Root), Fennel",Medium (Functional Match)
cheop,Generic Herb,Generic,Low
qokedam,"Pot Herb / Root (e.g. Betony, Radish)","Betony, Mallow, Radish, Mandrake (Root), Fennel",Medium (Functional Match)
cholar,Generic Herb,Generic,Low
ch?t?y,Generic Herb,Generic,Low
shsy,Generic Herb,Generic,Low
cheer,Generic Herb,Generic,Low
okechoy,Generic Herb,Generic,Low
qolol,"Infusion Herb (e.g. Mint, Sage)","Mint, Sage, Wormwood, Rue, Lavender",Medium (Functional Match)
kan,Generic Herb,Generic,Low
olom,Generic Herb,Generic,Low
shkeody,"Pot Herb / Root (e.g. Betony, Radish)","Betony, Mallow, Radish, Mandrake (Root), Fennel",Medium (Functional Match)
odory,Generic Herb,Generic,Low
qekor,Generic Herb,Generic,Low
shekain,"Infusion Herb (e.g. Mint, Sage)","Mint, Sage, Wormwood, Rue, Lavender",Medium (Functional Match)
toaiin,Generic Herb,Generic,Low
odeey,Generic Herb,Generic,Low
okchoy,Generic Herb,Generic,Low
chodo,Generic Herb,Generic,Low
okolor,Generic Herb,Generic,Low
qotoy,Generic Herb,Generic,Low
cheeykam,Generic Herb,Generic,Low
cheas,Generic Herb,Generic,Low
chodam,Generic Herb,Generic,Low
ytcho,Generic Herb,Generic,Low
choldar,Generic Herb,Generic,Low
chald,Generic Herb,Generic,Low
choschy,Generic Herb,Generic,Low
otariin,Generic Herb,Generic,Low
chokcho,Generic Herb,Generic,Low
oporody,Generic Herb,Generic,Low
chshoty,Generic Herb,Generic,Low
chtchor,Generic Herb,Generic,Low
chcthor,Generic Herb,Generic,Low
torshor,Generic Herb,Generic,Low
oai?n,Generic Herb,Generic,Low
oykshy,Generic Herb,Generic,Low
octhain,Generic Herb,Generic,Low
oshaiin,Generic Herb,Generic,Low
oldckhy,Generic Herb,Generic,Low
ods,Generic Herb,Generic,Low
choldshy,Generic Herb,Generic,Low
chlol,Generic Herb,Generic,Low
oshor,"Spring Tonic (e.g. Nettle, Dandelion)","Nettle, Dandelion, Primrose, Violet",High (Seasonal Match)
choraly,Generic Herb,Generic,Low
okeoaiin,Generic Herb,Generic,Low
oeeesoy,Generic Herb,Generic,Low
okchain,Generic Herb,Generic,Low
chkoldy,Generic Herb,Generic,Low
oloiir,Generic Herb,Generic,Low
olols,Generic Herb,Generic,Low
opshody,Generic Herb,Generic,Low
okchom,Generic Herb,Generic,Low
dalchedy,Generic Herb,Generic,Low
qodary,Generic Herb,Generic,Low
chkeeey,Generic Herb,Generic,Low
okshes,Generic Herb,Generic,Low
cheecthy,Generic Herb,Generic,Low
chchoty,Generic Herb,Generic,Low
chokshy,Generic Herb,Generic,Low
chorain,Generic Herb,Generic,Low
scheo,Generic Herb,Generic,Low
oke?dy,Generic Herb,Generic,Low
okchan,Generic Herb,Generic,Low
otshchor,Generic Herb,Generic,Low
olchckhy,Generic Herb,Generic,Low
chefal,Generic Herb,Generic,Low
chekaly,"Infusion Herb (e.g. Mint, Sage)","Mint, Sage, Wormwood, Rue, Lavender",Medium (Functional Match)
chorody,"Spring Tonic (e.g. Nettle, Dandelion)","Nettle, Dandelion, Primrose, Violet",High (Seasonal Match)
okchochor,Generic Herb,Generic,Low
ordy,Generic Herb,Generic,Low
chc?hy,Generic Herb,Generic,Low
chekl,"Infusion Herb (e.g. Mint, Sage)","Mint, Sage, Wormwood, Rue, Lavender",Medium (Functional Match)
oleeol,"Pot Herb / Root (e.g. Betony, Radish)","Betony, Mallow, Radish, Mandrake (Root), Fennel",Medium (Functional Match)
otshaiin,Generic Herb,Generic,Low
daindy,Generic Herb,Generic,Low
otchoty,Generic Herb,Generic,Low
chokeeor,Generic Herb,Generic,Low
chotcheey,Generic Herb,Generic,Low
oykeedy,"Infusion Herb (e.g. Mint, Sage)","Mint, Sage, Wormwood, Rue, Lavender",Medium (Functional Match)
chef,Generic Herb,Generic,Low
oloaiin,Generic Herb,Generic,Low
oracphy,Generic Herb,Generic,Low
oyty,Generic Herb,Generic,Low
opchod,Generic Herb,Generic,Low
opchaiin,Generic Herb,Generic,Low
chem,"Pot Herb / Root (e.g. Betony, Radish)","Betony, Mallow, Radish, Mandrake (Root), Fennel",Medium (Functional Match)
chdalor,Generic Herb,Generic,Low
sheedo,Generic Herb,Generic,Low
opdar,Generic Herb,Generic,Low
chckham,Generic Herb,Generic,Low
oepchol,"Infusion Herb (e.g. Mint, Sage)","Mint, Sage, Wormwood, Rue, Lavender",Medium (Functional Match)
"ol,shey","Spring Tonic (e.g. Nettle, Dandelion)","Nettle, Dandelion, Primrose, Violet",High (Seasonal Match)
chedyty,Generic Herb,Generic,Low
otsh,Generic Herb,Generic,Low
chotshy,Generic Herb,Generic,Low
opcheodal,Generic Herb,Generic,Low
chariin,Generic Herb,Generic,Low
ch?kaiin,Generic Herb,Generic,Low
cheyor,Generic Herb,Generic,Low
olcheky,"Infusion Herb (e.g. Mint, Sage)","Mint, Sage, Wormwood, Rue, Lavender",Medium (Functional Match)
chcphol,Generic Herb,Generic,Low
chai?n,Generic Herb,Generic,Low
okeodaiin,Generic Herb,Generic,Low
otaky,Generic Herb,Generic,Low
chokcheo,Generic Herb,Generic,Low
olaly,Generic Herb,Generic,Low
dory,Generic Herb,Generic,Low
cheocthey,Generic Herb,Generic,Low
chodol,Generic Herb,Generic,Low
okai?,"Infusion Herb (e.g. Mint, Sage)","Mint, Sage, Wormwood, Rue, Lavender",Medium (Functional Match)
o?aly,Generic Herb,Generic,Low
cheoteey,Generic Herb,Generic,Low
cheotchy,Generic Herb,Generic,Low
otairor,Generic Herb,Generic,Low
ald,Generic Herb,Generic,Low
chly,Generic Herb,Generic,Low
ypary,Generic Herb,Generic,Low
cheesy,"Spring Tonic (e.g. Nettle, Dandelion)","Nettle, Dandelion, Primrose, Violet",High (Seasonal Match)
chkarol,"Pot Herb / Root (e.g. Betony, Radish)","Betony, Mallow, Radish, Mandrake (Root), Fennel",Medium (Functional Match)
chckh,Generic Herb,Generic,Low
opchaly,Generic Herb,Generic,Low
alaldy,Generic Herb,Generic,Low
fchor,Generic Herb,Generic,Low
ldain,Generic Herb,Generic,Low
okory,Generic Herb,Generic,Low
ldol,"Spring Tonic (e.g. Nettle, Dandelion)","Nettle, Dandelion, Primrose, Violet",High (Seasonal Match)
qoldy,"Pot Herb / Root (e.g. Betony, Radish)","Betony, Mallow, Radish, Mandrake (Root), Fennel",Medium (Functional Match)
chechol,Generic Herb,Generic,Low
qekeey,"Infusion Herb (e.g. Mint, Sage)","Mint, Sage, Wormwood, Rue, Lavender",Medium (Functional Match)
oleedy,Generic Herb,Generic,Low
ofoly,Generic Herb,Generic,Low
chckhor,Generic Herb,Generic,Low
aiim,Generic Herb,Generic,Low
choeesy,Generic Herb,Generic,Low
ssheo,"Spring Tonic (e.g. Nettle, Dandelion)","Nettle, Dandelion, Primrose, Violet",High (Seasonal Match)
qokealdy,"Infusion Herb (e.g. Mint, Sage)","Mint, Sage, Wormwood, Rue, Lavender",Medium (Functional Match)
ysheeody,Generic Herb,Generic,Low
charain,Generic Herb,Generic,Low
okedam,"Pot Herb / Root (e.g. Betony, Radish)","Betony, Mallow, Radish, Mandrake (Root), Fennel",Medium (Functional Match)
talol,Generic Herb,Generic,Low
teedal,"Infusion Herb (e.g. Mint, Sage)","Mint, Sage, Wormwood, Rue, Lavender",Medium (Functional Match)
cheshy,Generic Herb,Generic,Low
cphoal,"Infusion Herb (e.g. Mint, Sage)","Mint, Sage, Wormwood, Rue, Lavender",Medium (Functional Match)
otairin,Generic Herb,Generic,Low
otochor,Generic Herb,Generic,Low
cha?,Generic Herb,Generic,Low
chololy,Generic Herb,Generic,Low
okadaiin,Generic Herb,Generic,Low
chpady,Generic Herb,Generic,Low
"ol,chey",Generic Herb,Generic,Low
chkoy,Generic Herb,Generic,Low
dshoy,Generic Herb,Generic,Low
chcphhy,Generic Herb,Generic,Low
"cheol,dy",Generic Herb,Generic,Low
oksheo,Generic Herb,Generic,Low
chokoiin,Generic Herb,Generic,Low
chodykchy,Generic Herb,Generic,Low
chorchy,Generic Herb,Generic,Low
oykchor,"Spring Tonic (e.g. Nettle, Dandelion)","Nettle, Dandelion, Primrose, Violet",High (Seasonal Match)
chodl,Generic Herb,Generic,Low
chtoiin,Generic Herb,Generic,Low
octhos,Generic Herb,Generic,Low
ot?y,Generic Herb,Generic,Low
chpchol,Generic Herb,Generic,Low
chpchey,Generic Herb,Generic,Low
chypchy,Generic Herb,Generic,Low
okytaiin,Generic Herb,Generic,Low
oldaim,Generic Herb,Generic,Low
chockhol,Generic Herb,Generic,Low
oekor,"Spring Tonic (e.g. Nettle, Dandelion)","Nettle, Dandelion, Primrose, Violet",High (Seasonal Match)
ch?or,Generic Herb,Generic,Low
oytor,Generic Herb,Generic,Low
olody,Generic Herb,Generic,Low
okshal,"Spring Tonic (e.g. Nettle, Dandelion)","Nettle, Dandelion, Primrose, Violet",High (Seasonal Match)
dchydy,Generic Herb,Generic,Low
chpcheor,Generic Herb,Generic,Low
okchod,Generic Herb,Generic,Low
chopy,Generic Herb,Generic,Low
chokoaiin,Generic Herb,Generic,Low
chokoldy,Generic Herb,Generic,Low
ochoaiin,Generic Herb,Generic,Low
ochaiin,"Spring Tonic (e.g. Nettle, Dandelion)","Nettle, Dandelion, Primrose, Violet",High (Seasonal Match)
oeeockhy,Generic Herb,Generic,Low
otolosheey,Generic Herb,Generic,Low
chosy,Generic Herb,Generic,Low
ocphal,Generic Herb,Generic,Low
otyky,Generic Herb,Generic,Low
fcholy,Generic Herb,Generic,Low
chdoly,Generic Herb,Generic,Low
odchaiin,Generic Herb,Generic,Low
opyaiin,Generic Herb,Generic,Low
chk,Generic Herb,Generic,Low
ofchol,"Pot Herb / Root (e.g. Betony, Radish)","Betony, Mallow, Radish, Mandrake (Root), Fennel",Medium (Functional Match)
olfchor,Generic Herb,Generic,Low
otchald,Generic Herb,Generic,Low
ocholdy,Generic Herb,Generic,Low
cheesees,Generic Herb,Generic,Low
okeeaiin,Generic Herb,Generic,Low
orcho,Generic Herb,Generic,Low
chkear,"Spring Tonic (e.g. Nettle, Dandelion)","Nettle, Dandelion, Primrose, Violet",High (Seasonal Match)
chypchey,Generic Herb,Generic,Low
chakod,Generic Herb,Generic,Low
otcholchy,Generic Herb,Generic,Low
oschotshl,"Spring Tonic (e.g. Nettle, Dandelion)","Nettle, Dandelion, Primrose, Violet",High (Seasonal Match)
chkchean,Generic Herb,Generic,Low
chtchey,Generic Herb,Generic,Low
chokeor,"Spring Tonic (e.g. Nettle, Dandelion)","Nettle, Dandelion, Primrose, Violet",High (Seasonal Match)
oyshy,Generic Herb,Generic,Low
cheda,"Pot Herb / Root (e.g. Betony, Radish)","Betony, Mallow, Radish, Mandrake (Root), Fennel",Medium (Functional Match)
cheeoy,Generic Herb,Generic,Low
chefchol,Generic Herb,Generic,Low
cheokar,Generic Herb,Generic,Low
chetchey,Generic Herb,Generic,Low
okeoy,"Spring Tonic (e.g. Nettle, Dandelion)","Nettle, Dandelion, Primrose, Violet",High (Seasonal Match)
okedody,"Spring Tonic (e.g. Nettle, Dandelion)","Nettle, Dandelion, Primrose, Violet",High (Seasonal Match)
oltey,Generic Herb,Generic,Low
todaly,Generic Herb,Generic,Low
yshear,Generic Herb,Generic,Low
chcfhal,Generic Herb,Generic,Low
qooldy,Generic Herb,Generic,Low
ytydy,Generic Herb,Generic,Low
chopdain,Generic Herb,Generic,Low
chon,Generic Herb,Generic,Low
okshol,Generic Herb,Generic,Low
chokokor,Generic Herb,Generic,Low
okchop,Generic Herb,Generic,Low
chshol,Generic Herb,Generic,Low
iir,"Spring Tonic (e.g. Nettle, Dandelion)","Nettle, Dandelion, Primrose, Violet",High (Seasonal Match)
chefaiin,Generic Herb,Generic,Low
chdeey,Generic Herb,Generic,Low
chtshar,Generic Herb,Generic,Low
chotody,Generic Herb,Generic,Low
okeokear,Generic Herb,Generic,Low
ch?ody,Generic Herb,Generic,Low
rom,Generic Herb,Generic,Low
opchaldy,Generic Herb,Generic,Low
oka?,Generic Herb,Generic,Low
cholsho,Generic Herb,Generic,Low
opchety,Generic Herb,Generic,Low
otchdain,Generic Herb,Generic,Low
taly,Generic Herb,Generic,Low
cheet,Generic Herb,Generic,Low
chotcheol,Generic Herb,Generic,Low
oriin,Generic Herb,Generic,Low
dairin,Generic Herb,Generic,Low
oshol,Generic Herb,Generic,Low
olkee,"Pot Herb / Root (e.g. Betony, Radish)","Betony, Mallow, Radish, Mandrake (Root), Fennel",Medium (Functional Match)
ochockhy,Generic Herb,Generic,Low
chochar,Generic Herb,Generic,Low
chocthody,Generic Herb,Generic,Low
chokan,Generic Herb,Generic,Low
okes,Generic Herb,Generic,Low
ochoiky,Generic Herb,Generic,Low
chas,Generic Herb,Generic,Low
chdolaiin,Generic Herb,Generic,Low
okch?,Generic Herb,Generic,Low
chelal,Generic Herb,Generic,Low
oeeed,Generic Herb,Generic,Low
cheady,Generic Herb,Generic,Low
che?dy,Generic Herb,Generic,Low
che?k?y,Generic Herb,Generic,Low
chteody,Generic Herb,Generic,Low
oforam,Generic Herb,Generic,Low
ofol,Generic Herb,Generic,Low
olkchdal,Generic Herb,Generic,Low
oparairdly,Generic Herb,Generic,Low
otardaly,Generic Herb,Generic,Low
olchear,Generic Herb,Generic,Low
oleesey,"Spring Tonic (e.g. Nettle, Dandelion)","Nettle, Dandelion, Primrose, Violet",High (Seasonal Match)
olalor,Generic Herb,Generic,Low
okealy,Generic Herb,Generic,Low
chekeody,"Pot Herb / Root (e.g. Betony, Radish)","Betony, Mallow, Radish, Mandrake (Root), Fennel",Medium (Functional Match)
choekeey,Generic Herb,Generic,Low
cheyl,Generic Herb,Generic,Low
chxar,"Infusion Herb (e.g. Mint, Sage)","Mint, Sage, Wormwood, Rue, Lavender",Medium (Functional Match)
oteochey,Generic Herb,Generic,Low
qoteoly,Generic Herb,Generic,Low
shekaly,Generic Herb,Generic,Low
asy,Generic Herb,Generic,Low
diin,Generic Herb,Generic,Low
ofydy,Generic Herb,Generic,Low
okardy,Generic Herb,Generic,Low
ay,Generic Herb,Generic,Low
okosy,Generic Herb,Generic,Low
otalaly,Generic Herb,Generic,Low
chpaly,Generic Herb,Generic,Low
yl,"Spring Tonic (e.g. Nettle, Dandelion)","Nettle, Dandelion, Primrose, Violet",High (Seasonal Match)
oraiiny,Generic Herb,Generic,Low
doin,Generic Herb,Generic,Low
edy,Generic Herb,Generic,Low
okainy,Generic Herb,Generic,Low
aithy,Generic Herb,Generic,Low
chechy,"Pot Herb / Root (e.g. Betony, Radish)","Betony, Mallow, Radish, Mandrake (Root), Fennel",Medium (Functional Match)
cheory,Generic Herb,Generic,Low
ysheeo,Generic Herb,Generic,Low
chofy,Generic Herb,Generic,Low
chotom,Generic Herb,Generic,Low
tshdol,Generic Herb,Generic,Low
sosar,Generic Herb,Generic,Low
salo,Generic Herb,Generic,Low
chockhar,Generic Herb,Generic,Low
ctheoly,Generic Herb,Generic,Low
ykory,"Spring Tonic (e.g. Nettle, Dandelion)","Nettle, Dandelion, Primrose, Violet",High (Seasonal Match)
olkeeol,"Pot Herb / Root (e.g. Betony, Radish)","Betony, Mallow, Radish, Mandrake (Root), Fennel",Medium (Functional Match)
kchdaldy,Generic Herb,Generic,Low
okshed,Generic Herb,Generic,Low
chdaldy,Generic Herb,Generic,Low
qofchol,Generic Herb,Generic,Low
qokaiy,"Pot Herb / Root (e.g. Betony, Radish)","Betony, Mallow, Radish, Mandrake (Root), Fennel",Medium (Functional Match)
checthdy,"Spring Tonic (e.g. Nettle, Dandelion)","Nettle, Dandelion, Primrose, Violet",High (Seasonal Match)
cheotydy,Generic Herb,Generic,Low
oxar,Generic Herb,Generic,Low
cheefy,Generic Herb,Generic,Low
okshdy,Generic Herb,Generic,Low
ysheeoaiin,Generic Herb,Generic,Low
okarol,Generic Herb,Generic,Low
qoteeddy,Generic Herb,Generic,Low
oldal,Generic Herb,Generic,Low
cheopy,Generic Herb,Generic,Low
