folio,index,word
f103r,1,pchedal
f103r,2,dai!n
f103r,3,yshdai!n
f103r,4,ychedy
f103r,5,pocharal
f103r,6,ocheey
f103r,7,sain
f103r,8,daroal
f103r,9,oteeos
f103r,10,daiin
f103r,11,dar
f103r,12,oai!n
f103r,13,podar
f103r,14,okai!n
f103r,15,qotedy
f103r,16,dshol
f103r,17,sar
f103r,18,polchedy
f103r,19,okaiin
f103r,20,ychai!n
f103r,21,pcheam
f103r,22,dalshy
f103r,23,daiin
f103r,24,tchoky
f103r,25,dar
f103r,26,oteedy
f103r,27,qokechy
f103r,28,deshedy
f103r,29,qokechchy
f103r,30,pchol!kchdy
f103r,31,soiin
f103r,32,okeey
f103r,33,qokeey
f103r,34,sheod
f103r,35,qokeear
f103r,36,okool
f103r,37,pchedy
f103r,38,otechedy
f103r,39,ykeedy
f103r,40,qokeey
f103r,41,cheol
f103r,42,tshey
f103r,43,tar
f103r,44,odeeey
f103r,45,qokeedy
f103r,46,chol
f103r,47,ssheey
f103r,48,polarar
f103r,49,okeey
f103r,50,ssheey
f103r,51,saiin
f103r,52,pchedal
f103r,53,sshey
f103r,54,dshey
f103v,1,pol
f103v,2,daiin
f103v,3,qok
f103v,4,y
f103v,5,pcheor
f103v,6,doi!n
f103v,7,daiin
f103v,8,sai!n
f103v,9,pchal
f103v,10,or
f103v,11,qokeedy
f103v,12,sal
f103v,13,dai!n
f103v,14,teeol
f103v,15,tchedal
f103v,16,doiin
f103v,17,qokeedy
f103v,18,yshear
f103v,19,daiin
f103v,20,pol
f103v,21,tokai!n
f103v,22,olshey
f103v,23,ycheody
f103v,24,ykeey
f103v,25,sai!n
f103v,26,yteey
f103v,27,pcheody
f103v,28,daiin
f103v,29,olchee!y
f103v,30,pchear
f103v,31,okeey
f103v,32,qokeeey
f103v,33,yshey
f103v,34,daiin
f103v,35,qol
f103v,36,saiin
f103v,37,ol
f103v,38,oteey
f103v,39,polshor
f103v,40,yteey
f103v,41,daiin
f103v,42,yshey
f103v,43,orai!n
f103v,44,qkai!n
f103v,45,okey
f103v,46,tai!n
f104r,1,pchdar
f104r,2,oar
f104r,3,daiir
f104r,4,ol
f104r,5,kchdal
f104r,6,ycheeody
f104r,7,dchodees
f104r,8,olsheedy
f104r,9,ycheeoy
f104r,10,tol
f104r,11,otodchy
f104r,12,tshdol
f104r,13,olcheol
f104r,14,daiin
f104r,15,sor
f104r,16,ocheoithey
f104r,17,ykeeshedy
f104r,18,dcheeo!keody
f104r,19,toaiin
f104r,20,dsheoy
f104r,21,dsheedy
f104r,22,tshedar
f104r,23,ol
f104r,24,daiin
f104r,25,sar
f104r,26,shar
f104r,27,pchedar
f104r,28,olcheear
f104r,29,ysheo
f104r,30,okeeo
f104r,31,qokeeo
f104r,32,ysheeody
f104r,33,okchechy
f104r,34,pchol
f104r,35,yshoiin
f104r,36,psheody
f104r,37,okaiin
f104r,38,okaiin
f104r,39,pcholor
f104r,40,olkeeos
f104r,41,qoteey
f104r,42,y
f104r,43,tsheodl
f104r,44,okcheochy
f104r,45,daiin
f104v,1,pchdoiin
f104v,2,ychedaiin
f104v,3,shod
f104v,4,qoteedy
f104v,5,dcheol
f104v,6,solchd
f104v,7,o
f104v,8,tchodls
f104v,9,ycheo
f104v,10,shol
f104v,11,ycheedy
f104v,12,polchechy
f104v,13,ycheol
f104v,14,ytchedy
f104v,15,tolkshey
f104v,16,dcheedy
f104v,17,ycheechy
f104v,18,dcheeoy
f104v,19,pcheor
f104v,20,or
f104v,21,yshor
f104v,22,ytchedy
f104v,23,tchey
f104v,24,ykoiin
f104v,25,dsheey
f104v,26,ysheor
f104v,27,pchoror
f104v,28,olsho
f104v,29,kche
f104v,30,ycheol
f104v,31,ycheor!aiin
f104v,32,pchedy
f104v,33,yteeey
f104v,34,ycheo
f104v,35,psheodar
f104v,36,sar
f104v,37,posairy
f104v,38,okechey
f104v,39,ysheey
f104v,40,qokeeey
f104v,41,tchedy
f104v,42,oteedchey
f104v,43,chey
f104v,44,daiin
f105r,1,paiin
f105r,2,dshees
f105r,3,olshey
f105r,4,ykaiin
f105r,5,doiin
f105r,6,por
f105r,7,ysheeody
f105r,8,sheey
f105r,9,oeeolchy
f105r,10,sairy<-
f105r,11,pdar
f105r,12,yaiir
f105r,13,dyteey
f105r,14,kesoar
f105r,15,lksheey
f105r,16,yteody
f105r,17,lteedy
f105r,18,sheoy
f105r,19,dsechey
f105r,20,saiin
f105r,21,ycheo
f105r,22,olkcho!keedy
f105r,23,dchees
f105r,24,pcheor
f105r,25,deeedy
f105r,26,pdal
f105r,27,dair
f105r,28,pchsed
f105r,29,oees
f105r,30,oleedar
f105r,31,kodeey
f105r,32,ycheochy
f105r,33,okeeo!dair
f105r,34,dor
f105r,35,ypchedy
f105r,36,dyteey
f105r,37,otoiis
f105v,1,polairy
f105v,2,ysheod
f105v,3,dshedy
f105v,4,olkeeol
f105v,5,pchedal
f105v,6,dcheo
f105v,7,ycheeo
f105v,8,fodal
f105v,9,lcheey
f105v,10,ykeey
f105v,11,roees
f105v,12,ysheedy
f105v,13,saiin
f105v,14,pchedaiin
f105v,15,ycheey
f105v,16,daiin
f105v,17,olr
f105v,18,pchor
f105v,19,ycheey
f105v,20,porair
f105v,21,ykeeo
f105v,22,daiin
f105v,23,tchol!kaiin
f105v,24,alcheey
f105v,25,kchdaldy
f105v,26,lkl
f105v,27,sheoe
f105v,28,oeoar
f105v,29,tdol
f105v,30,dchedy
f105v,31,ychtaiis
f105v,32,poar
f105v,33,lsheody
f105v,34,sheeo
f105v,35,doee
f105v,36,laiin
f105v,37,yshey
f105v,38,cheody
f106r,1,pshdar
f106r,2,shedchy
f106r,3,dshes
f106r,4,pcheo
f106r,5,ysheor
f106r,6,shor
f106r,7,olched
f106r,8,porarchy
f106r,9,ychor
f106r,10,pshoair
f106r,11,sar
f106r,12,okeey
f106r,13,pcheol
f106r,14,ychol
f106r,15,podaroar
f106r,16,sai!n
f106r,17,yochor
f106r,18,kshed
f106r,19,otchedy
f106r,20,ytaiin
f106r,21,olkeedy
f106r,22,tshodair
f106r,23,ychedy
f106r,24,podshedy
f106r,25,soraiin
f106r,26,ycheeo
f106r,27,tcheoko
f106r,28,okaiin
f106r,29,%%%%%%%%%%%%%%%%%%%%%%%%%%%%%%%%%%%%%%%%%%%%%%%%%%%%%%%%%%%%%%%%%%%
f106r,30,ycheeo
f106r,31,yshar
f106r,32,poral
f106r,33,ycheol
f106r,34,tcheor!sho
f106r,35,okaiin
f106r,36,psheo!dalo
f106r,37,tchodaiin
f106r,38,pshodaiin
f106r,39,ycheool
f106r,40,shaiin
f106r,41,dair
f106r,42,pcheodar
f106r,43,daiiral
f106r,44,dshedy
f106r,45,ysheedal
f106r,46,sotchdaiin
f106r,47,ycheoar
f106v,1,fsheda
f106v,2,daiin
f106v,3,yshedaiin
f106v,4,ycheoto
f106v,5,tshoar
f106v,6,daiin
f106v,7,soy
f106v,8,oraiin
f106v,9,tsho!daiin
f106v,10,ysheody
f106v,11,tchdy!s
f106v,12,ycheey
f106v,13,olkeeal
f106v,14,schedy
f106v,15,kcheo
f106v,16,sarar
f106v,17,salar
f106v,18,psho!dalos
f106v,19,dar
f106v,20,polchs
f106v,21,ycheo
f106v,22,tshod
f106v,23,olkalol
f106v,24,saraiin
f106v,25,sar
f106v,26,tar
f106v,27,olcheo
f106v,28,psheody
f106v,29,ycheey
f106v,30,otaiin
f106v,31,sheeey
f106v,32,tolos
f106v,33,choaiin
f106v,34,pchodaiin
f106v,35,shody
f106v,36,sol
f106v,37,pyoaly
f106v,38,okcheody
f106v,39,qokaiin
f106v,40,ko
f106v,41,otedy
f106v,42,pychal
f106v,43,chedy
f106v,44,cthey
f106v,45,ysoir
f106v,46,ytar
f106v,47,dcheoai!n
f107r,1,pchdlar
f107r,2,dchey
f107r,3,olcheey
f107r,4,teeody
f107r,5,olkchedy
f107r,6,okcheey
f107r,7,ytaiin
f107r,8,torshor
f107r,9,okoiin
f107r,10,yteedy
f107r,11,cheeo
f107r,12,ychol
f107r,13,polchls
f107r,14,cthedy
f107r,15,ychol
f107r,16,tol!shosor
f107r,17,sair
f107r,18,poalosy
f107r,19,oaiin
f107r,20,tcheol
f107r,21,taror
f107r,22,yksheol
f107r,23,chodaiin
f107r,24,pal
f107r,25,ycheai!n
f107r,26,olcheor
f107r,27,podar
f107r,28,kar
f107r,29,olkeeo
f107r,30,pair
f107r,31,daiin
f107r,32,salxar
f107r,33,yaiin
f107r,34,pairar
f107r,35,daiin
f107r,36,dar
f107r,37,ychkl
f107r,38,poaral
f107r,39,tair
f107r,40,lolkaiin
f107r,41,qokai!n
f107r,42,pcholky
f107r,43,okeear
f107r,44,ycheodai!n
f107r,45,todky
f107r,46,sar
f107r,47,okai!n
f107r,48,faiiral
f107r,49,o
f107r,50,chain
f107r,51,sar
f107v,1,kaisar
f107v,2,daiin
f107v,3,sai!n
f107v,4,dain
f107v,5,tol
f107v,6,paiin
f107v,7,taiin
f107v,8,polcheol!kai!n
f107v,9,saiin
f107v,10,shodaiin
f107v,11,tshedy
f107v,12,qokeey
f107v,13,ycheey
f107v,14,daiin
f107v,15,solai!n
f107v,16,parair
f107v,17,saiin
f107v,18,qokai!n
f107v,19,soral
f107v,20,palar
f107v,21,taiin
f107v,22,dor
f107v,23,palchar
f107v,24,dai!n
f107v,25,kaol!kar
f107v,26,oraiin
f107v,27,dal
f107v,28,ycheor
f107v,29,tol!keeedy
f107v,30,okai!n
f107v,31,sokod
f107v,32,toy
f107v,33,orai!n
f107v,34,dyair
f107v,35,polchedy
f107v,36,tol
f107v,37,poraiin
f107v,38,dai!n
f107v,39,okai!n
f107v,40,chokeey
f107v,41,pokar
f107v,42,orai!n
f107v,43,pol
f107v,44,kaiech
f107v,45,porai!n
f107v,46,soain
f107v,47,ycheey
f107v,48,oteedy
f107v,49,ycheo
f108r,1,teodeear
f108r,2,qokeedy
f108r,3,cheodchy
f108r,4,ychedaiin
f108r,5,tchokedy
f108r,6,ol
f108r,7,okchey
f108r,8,pochedy
f108r,9,cthey
f108r,10,taiin
f108r,11,teodeey
f108r,12,tshey
f108r,13,ykeey
f108r,14,polchal
f108r,15,orai!n
f108r,16,saithy
f108r,17,fcheo!kair
f108r,18,okeedy
f108r,19,dchedy
f108r,20,dai!n
f108r,21,qolshy
f108r,22,dcheol
f108r,23,ykeeol
f108r,24,folaiin
f108r,25,ycheeor
f108r,26,dair
f108r,27,ychedai!n
f108r,28,sai!n
f108r,29,polchedy
f108r,30,ykeol
f108r,31,keol
f108r,32,ykedar
f108r,33,solkedy
f108r,34,ycheol
f108r,35,pychory
f108r,36,okechy
f108r,37,tchedy
f108r,38,dcheeody
f108r,39,porol
f108r,40,okar
f108r,41,sheedai!n
f108r,42,okeey
f108r,43,olkeoy
f108r,44,ychey
f108r,45,dai!n
f108r,46,yteedy
f108r,47,yched
f108r,48,pcheedy
f108r,49,oteedy
f108r,50,qokeedy
f108v,1,pchedal
f108v,2,daiin
f108v,3,ssheedal
f108v,4,dchedy
f108v,5,polaiin
f108v,6,oeeedai!n
f108v,7,pchedaiin
f108v,8,ysheedy
f108v,9,qokeeo
f108v,10,ol
f108v,11,sai!n
f108v,12,tshedky
f108v,13,daiin
f108v,14,qokeey
f108v,15,pcheor
f108v,16,okeey
f108v,17,qokeey
f108v,18,okeey
f108v,19,qokeeol
f108v,20,polkeedal
f108v,21,daiin
f108v,22,daiin
f108v,23,qokeeor
f108v,24,daiin
f108v,25,sheeol
f108v,26,sair
f108v,27,sal
f108v,28,pororaiin
f108v,29,dar
f108v,30,pol
f108v,31,ol
f108v,32,dai!n
f108v,33,sai!n
f108v,34,tol
f108v,35,daiin
f108v,36,daiin
f108v,37,sai!n
f108v,38,dsheol
f108v,39,sai!n
f108v,40,daiin
f108v,41,dshedy
f108v,42,ycheai!n
f108v,43,shodai!n
f108v,44,yshey
f108v,45,sheol
f108v,46,saiin
f108v,47,ycheey
f108v,48,dair
f108v,49,saiin
f108v,50,dsheey
f108v,51,ssheo!dai!n
f108v,52,saiin
f108v,53,olcha!r
f111r,1,kchol!chda!r
f111r,2,doiin
f111r,3,dsheedy
f111r,4,saiin
f111r,5,saiin
f111r,6,dai!n
f111r,7,sshedy
f111r,8,daiin
f111r,9,ycheeodai!n
f111r,10,ykeedaiin
f111r,11,dshey
f111r,12,dsheeo
f111r,13,qosheo
f111r,14,dchedar
f111r,15,sheeodar
f111r,16,dched
f111r,17,otes
f111r,18,daiin
f111r,19,saiin
f111r,20,qokeey
f111r,21,daiin
f111r,22,ssheo
f111r,23,dshey
f111r,24,sai!n
f111r,25,so
f111r,26,soaiin
f111r,27,dar
f111r,28,qokeeol
f111r,29,salkeedy
f111r,30,qockhedy
f111r,31,sheotchedy
f111r,32,dsheeoteey
f111r,33,qoeeeo
f111r,34,teo
f111r,35,ychedl
f111r,36,polal
f111r,37,dai!n
f111r,38,dched
f111r,39,saiin
f111r,40,saiin
f111r,41,ycheey
f111r,42,qokeol
f111r,43,okeedy
f111r,44,pchedar
f111r,45,o
f111r,46,y
f111r,47,sheedy
f111r,48,poeokeey
f111r,49,dcheey
f111r,50,okeey
f111r,51,pol!keeo
f111r,52,dair
f111r,53,yshe
f111r,54,tair
f111v,1,koshey
f111v,2,sheekeey
f111v,3,dai!n
f111v,4,daiin
f111v,5,qokeed
f111v,6,okeeo
f111v,7,qokeechey
f111v,8,sho
f111v,9,lshey
f111v,10,soiin
f111v,11,ylcheey
f111v,12,qear
f111v,13,sheaiin
f111v,14,qocheol
f111v,15,rain
f111v,16,qokai!n
f111v,17,solkai!n
f111v,18,tair
f111v,19,qokaiin
f111v,20,shai!n
f111v,21,sair
f111v,22,saiin
f111v,23,qokaiin
f111v,24,cheodai!n
f111v,25,tair
f111v,26,polanar
f111v,27,ol
f111v,28,qor!ch!ai!n
f111v,29,polkiin
f111v,30,shokar
f111v,31,pochey
f111v,32,tar
f111v,33,yshea!l
f111v,34,polar
f111v,35,oai!n
f111v,36,shai!n
f111v,37,polchey
f111v,38,ycheey
f111v,39,dsheey
f111v,40,ykeeey
f111v,41,oteey
f111v,42,cheeo
f111v,43,ycheo
f111v,44,dai!n
f111v,45,pol
f111v,46,sol
f111v,47,sai!n
f111v,48,psalar
f111v,49,so!ry
f111v,50,shaiin
f111v,51,sai!n
f112r,1,folchey
f112r,2,saiin
f112r,3,or
f112r,4,qokeedy
f112r,5,otair
f112r,6,chedal
f112r,7,taiin
f112r,8,sair!o!r
f112r,9,saiin
f112r,10,dair
f112r,11,tchedy
f112r,12,dchedy
f112r,13,sor
f112r,14,soar
f112r,15,poar
f112r,16,solol
f112r,17,qoeeean
f112r,18,saiin
f112r,19,polchdy
f112r,20,qoaiin
f112r,21,solkeedy
f112r,22,daichy
f112r,23,qoai!n
f112r,24,cheeteey
f112r,25,tedai!n
f112r,26,tockhy
f112r,27,pchol!keedy
f112r,28,ysheedy
f112r,29,sar
f112r,30,tar
f112r,31,poir
f112r,32,sor
f112r,33,sarol
f112r,34,pair!ar
f112r,35,sai!n
f112r,36,sai!n
f112r,37,pom
f112r,38,sar
f112r,39,palkeedy
f112r,40,sai!n
f112r,41,yshesy
f112r,42,polar
f112r,43,yteeo
f112r,44,sar
f112r,46,yar
f112v,1,keeoal
f112v,2,oar
f112v,3,qokeeor
f112v,4,shody
f112v,5,sain
f112v,6,saiin
f112v,7,pcheo!keey
f112v,8,ocheor
f112v,9,soaiin
f112v,10,dai!n
f112v,11,tchor
f112v,12,daiin
f112v,13,dcheoty
f112v,14,sai!n
f112v,15,pchodai!n
f112v,16,saiin
f112v,17,daiin
f112v,18,saiin
f112v,19,s!arai!n
f112v,20,pchoraiin
f112v,21,saiin
f112v,22,s!oiin
f112v,23,ycheol
f112v,24,soiin
f112v,25,pchdaiin
f112v,26,ychedal
f112v,27,pcho!dai!n
f112v,28,shey
f112v,29,sheey
f112v,30,polor
f112v,31,tar
f112v,32,tchedor
f112v,33,or
f112v,34,saiin
f112v,35,pched
f112v,36,tchede
f112v,37,teedal
f112v,38,sa
f112v,39,teodarody
f112v,40,y
f112v,41,ykeedain
f112v,42,poly
f112v,43,ooeeor
f112v,44,qokchal
f112v,45,ykeey
f112v,47,e!otar
f113r,1,pchesfchy
f113r,2,dar
f113r,3,shchs
f113r,4,kcheeos
f113r,5,ycheeckhy
f113r,6,sor
f113r,7,chos
f113r,8,pchosos
f113r,9,dchos
f113r,10,pcheody
f113r,11,daiin
f113r,12,yshoai!n
f113r,13,folchor
f113r,14,ycheo
f113r,15,chol
f113r,16,pcheoor
f113r,17,dor
f113r,18,y!cheod
f113r,19,yhal
f113r,20,ksho!raiin
f113r,21,oiin
f113r,22,tchoar
f113r,23,ykeoeshy
f113r,24,dair
f113r,25,pcho!dair
f113r,26,tol
f113r,27,tchol
f113r,28,sar
f113r,29,ysheeoaiin
f113r,30,folchear
f113r,31,ytaiin
f113r,32,shodaiin
f113r,33,ykeeor
f113r,34,palshsar
f113r,35,yshs
f113r,36,dcheey
f113r,37,tshedy
f113r,38,daiin
f113r,39,pcheockhy
f113r,40,tar!ar
f113r,41,dsheo
f113r,42,pcheodaiin
f113r,43,ykcheor
f113r,44,cheeky
f113r,45,tchodair!os
f113r,46,oaiin
f113r,47,y
f113r,48,tcho!arorshy
f113r,49,sai!n
f113r,50,tchedy
f113r,51,ykeeol
f113v,1,folor!arom
f113v,2,teoar
f113v,3,sar
f113v,4,fchoctheody
f113v,5,dcheos
f113v,6,tcheolchy
f113v,7,fcheshd
f113v,8,y!cheody
f113v,9,dair
f113v,10,polaiin
f113v,11,or
f113v,12,sol!chedy
f113v,13,poraiin
f113v,14,dar
f113v,15,?ar
f113v,16,daiin
f113v,17,saraiin
f113v,18,pychdar
f113v,19,daiin
f113v,20,lkaiin
f113v,21,polaiin
f113v,22,okaiin
f113v,23,ykaiin
f113v,24,olkeey
f113v,25,tokary
f113v,26,okiin
f113v,27,ycheeol
f113v,28,paiir
f113v,29,ykeeol
f113v,30,ysheey
f113v,31,daiiin
f113v,32,sheol
f113v,33,polsaisy
f113v,34,daiin
f113v,35,qokaiin
f113v,36,ofaral
f113v,37,qol
f113v,38,pcholky
f113v,39,osheol
f113v,40,oraiin
f113v,41,dair
f113v,42,pol
f113v,43,ycheol
f113v,44,daiin
f113v,45,polaiin
f113v,46,olkaiin
f113v,47,polaiin
f113v,48,ycheol
f113v,49,yshey
f114r,1,tchedol
f114r,2,deedar
f114r,3,ycheod<$
f114r,4,fdeechdy
f114r,5,laiin
f114r,6,qoeedy
f114r,7,cheol
f114r,8,fchey
f114r,9,dcheod
f114r,10,qokeedy
f114r,11,dalchy
f114r,12,ykcheshd
f114r,13,qokchedy
f114r,14,solpchd
f114r,15,qoedy
f114r,16,cheoal
f114r,17,qokeedai!n
f114r,18,lcheos
f114r,19,pairody
f114r,20,sair
f114r,21,lcheey
f114r,22,tchedair
f114r,23,or!cheo
f114r,24,tchedaiin
f114r,25,oaiil
f114r,26,y!cheeo!daiin
f114r,27,cheeo
f114r,28,pchedairs
f114r,29,chol
f114r,30,y!chedar
f114r,31,sain
f114r,32,tcheodaiin
f114r,33,daiin
f114r,34,<!long
f114r,35,pcheos
f114r,36,ychedar
f114r,37,odar
f114r,38,qoeedy
f114r,39,todaiin
f114r,40,yteedy
f114r,41,oshey
f114r,42,poedair
f114r,43,ycheedy
f114r,44,ydaiin
f114r,45,dai!n
f114v,1,pchdol
f114v,2,dshedal
f114v,3,oeos
f114v,4,qokedy
f114v,5,chedy
f114v,6,tedcheo
f114v,7,yted!shedy
f114v,8,pchedchdy
f114v,9,soes
f114v,10,olkees
f114v,11,tchedy
f114v,12,ochedy
f114v,13,sheedy
f114v,14,tsheo!dar
f114v,15,ochedai!n
f114v,16,ytchedy
f114v,17,sheoal
f114v,18,dorkcheky
f114v,19,oshso!daiin
f114v,20,tshedai!n
f114v,21,dair
f114v,22,ychedar
f114v,23,pshedy
f114v,24,olkaiin
f114v,25,sor
f114v,26,pcheodal
f114v,27,osheeo
f114v,28,tchedy
f114v,29,pchdair
f114v,30,ycheey
f114v,31,olaiin
f114v,32,ycheol
f114v,33,kaiin
f114v,34,olkeechy
f114v,35,yshey
f114v,36,t!shey
f114v,37,dcheey
f114v,38,oteeo
f114v,39,qoleechedy
f114v,40,eeo
f114v,41,yaiin
f115r,1,fshdar
f115r,2,dcheeos
f115r,3,qol!cheol
f115r,4,dchedai!n
f115r,5,ycheedy
f115r,6,cheo!ckhdy
f115r,7,dar!chedy
f115r,8,kcheor
f115r,9,dchedaiin
f115r,10,tchedy
f115r,11,daiin
f115r,12,dsheo
f115r,13,tchedy
f115r,14,ycheeo
f115r,15,ycheo
f115r,16,dshedy
f115r,17,qol
f115r,18,cheol
f115r,19,pcheo!dai!n
f115r,20,lcheod
f115r,21,yches
f115r,22,psheody
f115r,23,dchey
f115r,24,dcheol
f115r,25,y
f115r,26,ksheoary
f115r,27,ysheeo
f115r,28,cheo
f115r,29,fshedy
f115r,30,dsheo!dar
f115r,31,shod
f115r,32,sor
f115r,33,ycheey
f115r,34,cheeo
f115r,35,posheos
f115r,36,dai!n
f115r,37,sorols
f115r,38,dor
f115r,39,ychey
f115r,40,paiinody
f115r,41,dar
f115r,42,tcheodl
f115r,43,dcheo
f115r,44,dcheor
f115r,45,y
f115v,1,tchedor
f115v,2,ykeeo!chody
f115v,3,dsheol
f115v,4,ykcheo!dai!n
f115v,5,dair
f115v,6,pchody
f115v,7,dchedy
f115v,8,tchosos
f115v,9,ychees
f115v,10,saiin
f115v,11,tchdor
f115v,12,ysheed
f115v,13,pchdarody
f115v,14,okeeo!kai!n
f115v,15,saiin
f115v,16,dai!n
f115v,17,okain
f115v,18,pchodai!n
f115v,19,yshedy
f115v,20,ysheey
f115v,21,tshedy
f115v,22,soiin
f115v,23,lshes
f115v,24,pcheo
f115v,25,ykees
f115v,26,dcheedy
f115v,27,olai!n
f115v,28,ychey
f115v,29,polor
f115v,30,ycheedaiin
f115v,31,pchdair
f115v,32,ykchedy
f115v,33,ychedal
f115v,34,taiin
f115v,35,shos
f115v,36,ytar
f115v,37,tshar
f115v,38,oiiin
f115v,39,dairal
f115v,40,ycheeal!kaiin
f115v,41,dcheodl
f115v,42,yair
f115v,43,ysheo
f115v,44,ototar
f115v,45,ykchedai!n
f116r,1,kchdpy
f116r,2,!oai!n
f116r,3,dai!n
f116r,4,padar
f116r,5,dai!n
f116r,6,sai!n
f116r,7,pchol
f116r,8,dar
f116r,9,qokeey
f116r,10,chdai!n
f116r,11,ol
f116r,12,qoain
f116r,13,sar
f116r,14,sai!n
f116r,15,pchoetal
f116r,16,dar
f116r,17,dai!n
f116r,18,pcharalor
f116r,19,porchey
f116r,20,chol
f116r,21,sairol
f116r,22,dol
f116r,23,dai!n
f116r,24,qokedy
f116r,25,chol
f116r,26,ytchey
f116r,27,daiin
f116r,28,cheol
f116r,29,cthan
f116r,30,saraiin
f116r,31,pchal!larar
f116r,32,olkeey
f116r,33,soraiin
f116r,34,qokai!n
f116r,35,shedy
f116r,36,qokeey
f116r,37,pairai!n
f116r,38,daiin
f116r,39,qokai!n
f116r,40,dsheey
f116r,41,dlar
f116r,42,qo
f116r,43,os
f116r,44,syokeedy
f116r,45,odaiin
f116r,46,oqokai!n
f116r,47,osai!n
f116r,48,sykar
f116r,49,sosar
f116r,50,sodal
