rank,root,frequency
1,[EMPTY],21319
2,e,2586
3,a,1824
4,ee,1535
5,eo,745
6,ai!,567
7,!,482
8,he,407
9,ho,374
10,ai,299
11,eeo,256
12,h,228
13,i!,203
14,eee,159
15,i,158
16,ed,152
17,es,105
18,ra,100
19,ro,93
20,ees,83
21,heo,79
22,!o,77
23,ek,70
24,eed,70
25,f,67
26,alo,62
27,aii,61
28,!che,59
29,!a,57
30,eos,56
31,eod,55
32,fche,46
33,aro,45
34,eees,44
35,!she,44
36,hee,44
37,eda,41
38,et,40
39,ii,39
40,g,39
41,ha,38
42,ec,35
43,!da,35
44,!k,34
45,as,32
46,!kee,30
47,a!,29
48,fcho,27
49,!s,27
50,fo,26
51,ea,25
52,fch,25
53,rai!,25
54,!d,23
55,r!,23
56,edai!,22
57,eeos,22
58,!ka,21
59,eke,21
60,eoda,21
61,r!a,20
62,alk,19
63,!ke,18
64,ar!,18
65,eche,18
66,?,17
67,ald,17
68,!cheo,17
69,x,17
70,!!!o,17
71,eeeo,15
72,als,15
73,!t,15
74,r!o,15
75,rche,15
76,hod,14
77,fc,14
78,edo,14
79,ara,14
80,e!,14
81,eec,14
82,!ai!,14
83,fho,13
84,fh,13
85,h!,13
86,hos,13
87,!ai,13
88,is,13
89,eka,13
90,fa,13
91,!cho,12
92,hd,12
93,!ch,12
94,eeod,12
95,ef,12
96,ekee,12
97,!!,12
98,ik,12
99,!!!che,12
100,!kai!,12
101,eeda,12
102,edai,11
103,!chee,10
104,r!che,10
105,ala,10
106,hs,10
107,!ko,10
108,ais,10
109,eeed,10
110,rc,9
111,ad,9
112,ekc,9
113,al!,9
114,fcheo,9
115,aik,9
116,!keo,9
117,etee,9
118,eedai!,9
119,hes,8
120,!c,8
121,mo,8
122,!tc,8
123,heod,8
124,eo!,8
125,!kc,8
126,eok,8
127,!sho,8
128,eko,8
129,rai,8
130,heos,8
131,ak,8
132,ekeo,8
133,!e,8
134,!shee,8
135,alka,8
136,!keeo,8
137,!dai!,8
138,eea,7
139,!to,7
140,it,7
141,ech,7
142,eai!,7
143,aiis,7
144,eek,7
145,alche,7
146,fhe,7
147,aiin!,7
148,!te,7
149,airo,7
150,!ched,7
151,rch,7
152,eshe,7
153,aii!,7
154,eedo,7
155,!os,6
156,eeoda,6
157,eg,6
158,iis,6
159,eo!d,6
160,rk,6
161,ii!,6
162,hc,6
163,alshe,6
164,hh,6
165,arai,6
166,rshe,6
167,fchee,6
168,eeche,6
169,alkee,6
170,arai!,6
171,hed,6
172,ekch,5
173,ep,5
174,ese,5
175,!tcho,5
176,!ta,5
177,!!!!!!,5
178,aiino,5
179,alg,5
180,ete,5
181,esh,5
182,arod,5
183,xo,5
184,al!k,5
185,!cthe,5
186,eoc,5
187,alos,5
188,alch,5
189,echo,5
190,eoo,5
191,rara,5
192,al!che,5
193,r!she,5
194,!keee,5
195,!sheo,5
196,ede,5
197,eeee,5
198,rod,5
199,!!!!,4
200,ao,4
201,iro,4
202,?o,4
203,ino,4
204,r!cho,4
205,rd,4
206,hoo,4
207,insho,4
208,!ctho,4
209,!f,4
210,fshe,4
211,in!,4
212,eai,4
213,eeeos,4
214,!qo,4
215,eede,4
216,m!,4
217,!sa,4
218,epa,4
219,al!ch,4
220,ait,4
221,fai,4
222,!kch,4
223,!ct,4
224,!!!,4
225,!sh,4
226,rchee,4
227,al!o,4
228,!kche,4
229,ho!,4
230,etch,4
231,ek!,4
232,at,4
233,eese,4
234,alda,4
235,air!o,4
236,fheo,4
237,eokee,4
238,!eo,4
239,eso,4
240,eeo!,4
241,!okee,4
242,heeo,4
243,!ok,4
244,??,4
245,!od,4
246,ekai!,4
247,rshee,4
248,ar!a,4
249,alod,4
250,!kai,4
251,are,3
252,n!,3
253,!oda,3
254,eks,3
255,incho,3
256,hodo,3
257,hoc,3
258,h!o,3
259,ae,3
260,!cha,3
261,rcho,3
262,eta,3
263,!kcho,3
264,roda,3
265,!pc,3
266,alys,3
267,fsho,3
268,!g,3
269,hyd,3
270,hoda,3
271,!al!,3
272,ip,3
273,eet,3
274,aiins,3
275,!chct,3
276,!ra,3
277,eols,3
278,!!!sho,3
279,aros,3
280,a!!,3
281,alke,3
282,aip,3
283,v,3
284,eock,3
285,rols,3
286,esd,3
287,fchd,3
288,e!o,3
289,eykee,3
290,eeck,3
291,!ro,3
292,ir!o,3
293,eys,3
294,!kcheo,3
295,eo!s,3
296,!teeo,3
297,?s,3
298,!ee,3
299,eolo,3
300,eas,3
301,!qok,3
302,alai,3
303,!lo,3
304,eol!,3
305,!!!ched,3
306,!shed,3
307,r!ai,3
308,heed,3
309,!ckhe,3
310,ea!,3
311,hdo,3
312,epche,3
313,r!ai!,3
314,ey!,3
315,ar!o,3
316,!olkai!,3
317,!olche,3
318,!!!cho,3
319,fola,3
320,heo!,3
321,al!she,3
322,eeo!d,3
323,eesho,3
324,eo!dai,3
325,eech,3
326,al!kee,3
327,alkai!,3
328,alai!,3
329,al!kai!,3
330,eo!dai!,3
331,ata,2
332,h?,2
333,hols,2
334,!oka,2
335,hy!,2
336,hock,2
337,!do,2
338,eeees,2
339,inyche,2
340,nsho,2
341,eoct,2
342,arotee,2
343,hda,2
344,arg,2
345,rsho,2
346,foda,2
347,!dy!,2
348,eeso,2
349,eeeod,2
350,!tee,2
351,hoa,2
352,faiis,2
353,inyda,2
354,holoto,2
355,iino,2
356,!oro,2
357,eteo,2
358,ecthe,2
359,edyda,2
360,?i,2
361,!pshe,2
362,ncho,2
363,!dc,2
364,!ks,2
365,ect,2
366,!als,2
367,eeodo,2
368,echeo,2
369,io,2
370,nda,2
371,edy!,2
372,aras,2
373,!!cho,2
374,eekee,2
375,ed!,2
376,r!c,2
377,etc,2
378,!ck,2
379,am!,2
380,hees,2
381,!teo,2
382,feee,2
383,!fch,2
384,e!d,2
385,ee!,2
386,!ote,2
387,!olkee,2
388,fcheod,2
389,e!!!!!!!,2
390,!!!!!!!,2
391,eeo!do,2
392,!sheck,2
393,!ot,2
394,heo!da,2
395,heodo,2
396,heee,2
397,aiinokeo,2
398,heea,2
399,hai!,2
400,hai,2
401,edch,2
402,esa,2
403,fchees,2
404,efo,2
405,ralc,2
406,al!d,2
407,eesh,2
408,eo!da,2
409,alee,2
410,alols,2
411,faii,2
412,alchos,2
413,f!!!!!!!!!!!!!!,2
414,f!!!!!!!!!!!!,2
415,ap,2
416,!tch,2
417,!eese,2
418,ikhe,2
419,epc,2
420,a!s,2
421,!!!d,2
422,eog,2
423,h!o!s,2
424,iin!,2
425,hok,2
426,fchso,2
427,hedc,2
428,!cp,2
429,alchd,2
430,!check,2
431,ard,2
432,hhe,2
433,aloees,2
434,ate,2
435,!ols,2
436,!s!a,2
437,!teos,2
438,fchda,2
439,eeeoda,2
440,!l!a,2
441,?eo,2
442,es!,2
443,ecs,2
444,esod,2
445,alcho,2
446,fs,2
447,!oto,2
448,!!!!!!!!!!!!!she,2
449,!o!,2
450,no,2
451,!ol!che,2
452,edshe,2
453,!lche,2
454,!ol!k,2
455,!!!sheo,2
456,e!s,2
457,rched,2
458,!!!olche,2
459,hh!,2
460,eckhe,2
461,ain!,2
462,!l!,2
463,!tai!,2
464,fsh,2
465,!ksh,2
466,!olo,2
467,!!!cheo,2
468,rsheo,2
469,al!sh,2
470,rchs,2
471,eck,2
472,eed!,2
473,!s!,2
474,esho,2
475,edee,2
476,if,2
477,fod,2
478,rolk,2
479,al!ka,2
480,aiio,2
481,heck,2
482,eeas,2
483,amd,2
484,!!a,2
485,eoko,2
486,fchedo,2
487,eeo!s,2
488,eold,2
489,!kho,2
490,eodai!,2
491,aikh,2
492,ras,2
493,roro,2
494,eode,2
495,airod,2
496,alched,2
497,akai!,2
498,rais,2
499,aiiro,2
500,edd,2
501,eoai!,2
502,air!,2
503,aic,2
504,eodee,2
505,folche,2
506,ed!a,2
507,eeo!da,2
508,hedai!,2
509,fachys,1
510,h!res,1
511,rolot,1
512,fha,1
513,!aish!!!,1
514,fhoa,1
515,hesa,1
516,hodal!es,1
517,hodaiils,1
518,hyds,1
519,!poto,1
520,?do,1
521,h!ar!!!,1
522,!cho?!o,1
523,hold,1
524,??cho,1
525,??c,1
526,?eeo,1
527,!?eo!,1
528,ada,1
529,hydcho,1
530,msoche,1
531,hoald,1
532,heyyko,1
533,!ch!!o,1
534,halypcha,1
535,rchorychk,1
536,aiincthe,1
537,aindychtod,1
538,!schoka,1
539,alshodaiincho,1
540,!danytcha,1
541,ndd!ko,1
542,rytoldydcho,1
543,inycho,1
544,fodanyksh,1
545,incthe,1
546,nolsa,1
547,ansa,1
548,rdai,1
549,nchct,1
550,hoys,1
551,eoschees,1
552,ishe,1
553,eoaro,1
554,homopo,1
555,insoleeg,1
556,eoldo,1
557,eyk,1
558,eydo,1
559,aiin!schora,1
560,aiinda,1
561,heychoa,1
562,iinchoda,1
563,iiin!cheo,1
564,!o!cheo,1
565,r!dg,1
566,rodg,1
567,hchopcho,1
568,hyctho,1
569,ee!sykeo,1
570,hamyaii,1
571,haiinod,1
572,haiinyda,1
573,aiiod,1
574,heek,1
575,apc,1
576,rychos,1
577,fchoda,1
578,roc,1
579,eyytchee,1
580,aiirota,1
581,eeeese,1
582,heyshck,1
583,!lsho,1
584,!deee,1
585,eyokcho,1
586,!cpho,1
587,fhod,1
588,rychoda,1
589,eydcho,1
590,f!c,1
591,!toldys,1
592,eyofche,1
593,fydysho,1
594,etoda,1
595,iirc,1
596,!chea,1
597,haich,1
598,elda,1
599,rcheal!ch,1
600,hso,1
601,hanytc,1
602,archyoeeso,1
603,haro,1
604,eota,1
605,iinsho,1
606,rysho,1
607,ryto,1
608,hya,1
609,fhodo!,1
610,arsyshyd,1
611,focho,1
612,earcht,1
613,!notchycthod,1
614,inotaldordai,1
615,rokydd,1
616,etyd,1
617,nyto,1
618,rotcho,1
619,!f!yda,1
620,mykc,1
621,!chold,1
622,rodo,1
623,!ys,1
624,!l!s,1
625,fol!da,1
626,rydc,1
627,alsho,1
628,hkch,1
629,!otyds,1
630,inoksho,1
631,indo,1
632,holdgdchck,1
633,hyda,1
634,hysho,1
635,!chds,1
636,!ycho,1
637,ross,1
638,haiinsha,1
639,nskysho,1
640,haryto,1
641,!dak,1
642,?cho,1
643,!!!!!!a,1
644,hol!o!ctho,1
645,nod,1
646,ealod,1
647,!toa,1
648,!okc,1
649,!cho!kc,1
650,!!k,1
651,gso,1
652,haldydai,1
653,f!cho,1
654,!zepchyds!aopcho,1
655,?!a,1
656,ho!d,1
657,iir!,1
658,heolo,1
659,hyockho,1
660,!dyd,1
661,!octho,1
662,hol!chea,1
663,ho!l!shod,1
664,fchodees,1
665,!foche,1
666,fol!cho,1
667,fshodc,1
668,eeock,1
669,!fyche,1
670,fy!c,1
671,fcho!ks,1
672,!p!cheas,1
673,eeeso,1
674,hy!do,1
675,holo,1
676,hydoi,1
677,al!oka,1
678,!!!!!d,1
679,hy!kyytcho,1
680,aiinoda,1
681,in!c,1
682,n!g,1
683,hald,1
684,id,1
685,!dals,1
686,!!!!!!eo!to,1
687,af,1
688,eorda,1
689,!dalotcho,1
690,inotsho,1
691,inso,1
692,mcho,1
693,!aiio,1
694,r!or!,1
695,iikh,1
696,hc!keo,1
697,i!k,1
698,iees,1
699,hoees,1
700,m!cho,1
701,fhhg,1
702,horaii!,1
703,!ok!!!!!!o,1
704,esear!ees,1
705,f!ar!as,1
706,hk,1
707,!okch,1
708,!olod,1
709,ekd,1
710,esees,1
711,akee,1
712,!!cha,1
713,eeaii,1
714,i!o,1
715,hyorcha,1
716,fseod,1
717,ainchofo!chcp!h,1
718,?a,1
719,adeeodyykecth,1
720,eteeda,1
721,edyyte,1
722,hedyqokee,1
723,eds,1
724,inshapchedy!fee,1
725,gee,1
726,!araii,1
727,aree,1
728,fo!ra,1
729,eeychos,1
730,haryda,1
731,m!!,1
732,fochof,1
733,etcheo,1
734,!eeees!,1
735,!chod!,1
736,ho!do,1
737,edydchschys!otch,1
738,inotcho,1
739,akod,1
740,rchotc,1
741,holc,1
742,!dydsho,1
743,nykchyda,1
744,hordcho,1
745,!o!shos,1
746,inqokai,1
747,etychot,1
748,hol!dytcho,1
749,!shot,1
750,hoddarchssho,1
751,nchcthc,1
752,!noa,1
753,hchydchyk,1
754,hydarchytoto,1
755,ekeo!cho,1
756,horc,1
757,aldcheo,1
758,heycho,1
759,iinydeyso,1
760,ry!!chdai!,1
761,hsctha,1
762,eefc,1
763,a!keo,1
764,!qot,1
765,?d?,1
766,aiict,1
767,eee!cf,1
768,!ked,1
769,acthe,1
770,ioamo,1
771,!fcho,1
772,ndcho,1
773,r!g,1
774,nshck,1
775,aiinotc,1
776,haiinda,1
777,fockh,1
778,r!d,1
779,al!ai,1
780,!rshek,1
781,!kyckh,1
782,mokar!,1
783,iinchck,1
784,arlct,1
785,ainchdy!sh,1
786,aiinoka,1
787,eoepc,1
788,amocthede,1
789,hyoltche,1
790,arykeed,1
791,fchs,1
792,am!g,1
793,!gyke,1
794,hyysai,1
795,a!ikhyor!lche,1
796,fal!!as,1
797,al!daiinchek,1
798,hdalyotche,1
799,!hcth,1
800,!!chda,1
801,n!o,1
802,etcha,1
803,roa,1
804,afda,1
805,ga,1
806,romc!yc,1
807,!!orc,1
808,anda,1
809,foro,1
810,hch,1
811,i!l!d,1
812,inyd,1
813,m!odydcho,1
814,horods,1
815,hol!s,1
816,hyok,1
817,!syto,1
818,iinota,1
819,aincho,1
820,indai,1
821,iinda,1
822,indais,1
823,hhof,1
824,fse,1
825,hdc,1
826,!cheg,1
827,eees!aii!,1
828,!chda,1
829,a!do,1
830,fchee!f,1
831,alqok,1
832,fdyka,1
833,ii!fcho,1
834,edy!ko,1
835,r!qo,1
836,h!cfh,1
837,alyolaii,1
838,aldshek,1
839,msho,1
840,fchorqoka,1
841,amok,1
842,aldydyqok,1
843,aralos,1
844,hdoto,1
845,roko,1
846,molshe,1
847,aimkcheo,1
848,!!!!!yche,1
849,hysheod,1
850,faim!,1
851,rytee,1
852,arokees,1
853,arolqoke,1
854,edalee,1
855,a!kee,1
856,ra?,1
857,!!eke,1
858,eychkchodypchedp,1
859,ar!ch,1
860,eodyyke,1
861,!dyyke,1
862,eero!d,1
863,fcheep,1
864,fhekchdyypche,1
865,edylkeeo,1
866,aiinotee,1
867,hachct,1
868,!yda,1
869,inda!,1
870,hot,1
871,ro?,1
872,ilykc,1
873,ans,1
874,aryoko,1
875,!tcharsysa,1
876,eke!!!!!!!ess,1
877,aiinctc,1
878,eaiinchkc,1
879,inchokee,1
880,et!sees,1
881,aroda,1
882,fcht,1
883,folo,1
884,!kalch,1
885,!keepc,1
886,eh,1
887,eoke,1
888,!a!i,1
889,r!ara,1
890,!!alorai!,1
891,eodchs,1
892,!!ypche,1
893,!r!o,1
894,acp,1
895,!oa,1
896,ekokee,1
897,heek!!,1
898,r!oi,1
899,alda!!,1
900,fsholo,1
901,!shoto,1
902,moto,1
903,eocp,1
904,fchek,1
905,!sheet,1
906,!shedo,1
907,!octh,1
908,ifhe,1
909,ar!aka,1
910,epcho,1
911,!kaii,1
912,hef!,1
913,alyda,1
914,aiir!ch,1
915,edyqok,1
916,edchs,1
917,aick!,1
918,ee!!,1
919,rydaii,1
920,indochodcho,1
921,!tche,1
922,aiindchee,1
923,!p!al!,1
924,echod!she,1
925,eo!tee,1
926,heet,1
927,!ches,1
928,eched,1
929,eodc,1
930,hdyoka,1
931,alchdyytee,1
932,ainot,1
933,hheg,1
934,eyoke,1
935,edyykeo,1
936,hyyk,1
937,edls,1
938,r!pcho,1
939,r!kc,1
940,!eot,1
941,hodd,1
942,eol!che,1
943,hokcho,1
944,!!!!!,1
945,hokee,1
946,fcho!cho,1
947,hodardcho,1
948,eolchotcho,1
949,!kchet,1
950,ar!dychokc,1
951,etcho,1
952,rchs!!ees,1
953,aiin!d,1
954,al!c,1
955,eeokychokora,1
956,!olkc,1
957,!yka,1
958,ald!al!o!s!,1
959,aiinopal!ke,1
960,far!d,1
961,!!d,1
962,!!!qod,1
963,!!!!olch,1
964,eedyykeeod,1
965,?!eo,1
966,iit,1
967,aiiidalcphod,1
968,aldyot,1
969,aldschee,1
970,hyyko,1
971,aiinotyko,1
972,fold,1
973,hko,1
974,fy!da,1
975,mychcthod,1
976,airytchd,1
977,hordyokcho,1
978,haii!,1
979,ho!daiis,1
980,esecho,1
981,!cho!she,1
982,heees,1
983,hoik,1
984,fheodyopcheo,1
985,ekcho,1
986,heo!to,1
987,!heod,1
988,!!!!!!qoda,1
989,in!o,1
990,alc,1
991,ar!d,1
992,xal!oeees,1
993,hyoto,1
994,eey!f,1
995,alyche,1
996,aircs,1
997,!!!ch?,1
998,eckho,1
999,!chey!tcho,1
1000,!y!t,1
1001,!hee,1
1002,arsotoda,1
1003,e!keo,1
1004,eyotchod,1
1005,hchdyokc,1
1006,i!dydcheckhe,1
1007,ins,1
1008,hedo,1
1009,e!os,1
1010,v!s,1
1011,f!o,1
1012,rked,1
1013,fchcho,1
1014,!as,1
1015,rvxkkf?tr??yc!!!!?oldrvxkmf?tr??yc!!!!?oldrvxkkp?tr??yc!!!!?oldrvxkkp?tr??yc!!!!r!!!!!!,1
1016,echt,1
1017,vo,1
1018,edas,1
1019,x!s!,1
1020,araird,1
1021,alaro,1
1022,ack,1
1023,arodai,1
1024,alolk,1
1025,eeg,1
1026,a!za,1
1027,fadai!,1
1028,al!t,1
1029,eetc,1
1030,eal!kai!,1
1031,aipo,1
1032,roleee,1
1033,!alche,1
1034,faro,1
1035,aiin!os,1
1036,alkea,1
1037,al!cheo,1
1038,ain!ar!als,1
1039,eeckhe,1
1040,!!!!!!h,1
1041,etalchg,1
1042,aiphe,1
1043,fchecf,1
1044,?!,1
1045,!eas,1
1046,hyykchh,1
1047,rals,1
1048,f!chy!,1
1049,rota,1
1050,?sho,1
1051,!cta,1
1052,axo,1
1053,!fos!da,1
1054,fchedys,1
1055,eef,1
1056,!!!!!!cht,1
1057,!che!g,1
1058,rshef,1
1059,hhd,1
1060,ek!cs,1
1061,a!d,1
1062,feed,1
1063,!kalykeda,1
1064,epairo,1
1065,eeoe,1
1066,eksh!g,1
1067,eteed,1
1068,eokeot,1
1069,eesch,1
1070,eetees,1
1071,archeo,1
1072,ikee,1
1073,!keed,1
1074,eeet,1
1075,eeoa!,1
1076,asa,1
1077,aram!!!!!!!!!,1
1078,eesy!,1
1079,?!!!yko,1
1080,etdy!!!!!!!!!!!!!,1
1081,!!!!!!!!!!rfchykche,1
1082,?ry?,1
1083,!raiis,1
1084,eoporc,1
1085,hole,1
1086,eopche,1
1087,ekees,1
1088,eolda!,1
1089,hys,1
1090,epcho!,1
1091,!acth,1
1092,!!!!!!!!!!!,1
1093,!!!!!!!!!!!!!,1
1094,irsg!!!!!!!!!!!,1
1095,aeda,1
1096,fala,1
1097,?eee,1
1098,eola,1
1099,r!alet,1
1100,ao!,1
1101,a!fo,1
1102,ekais,1
1103,hepala,1
1104,aiind,1
1105,ryoko,1
1106,?sy!kchy!!!!!,1
1107,echoe!ko,1
1108,har!,1
1109,hodare,1
1110,mam!m!,1
1111,echko,1
1112,eka!o,1
1113,iiio,1
1114,esdr!!!!!!!!!!!!!,1
1115,aroka,1
1116,rkeo,1
1117,?eok,1
1118,!dreee,1
1119,!kchcse,1
1120,!korche,1
1121,alokee,1
1122,hoct,1
1123,eeodct,1
1124,?ae,1
1125,eect,1
1126,rcheod,1
1127,iid,1
1128,!is,1
1129,aiil!y!!,1
1130,etocho,1
1131,!!ote!oda,1
1132,!oetch,1
1133,?!!!chee,1
1134,reo,1
1135,!dched,1
1136,eesd,1
1137,inaii,1
1138,ees!!,1
1139,!ckho!d,1
1140,gold,1
1141,alcheo,1
1142,!s!che,1
1143,ey!kcheo,1
1144,!aiinyte,1
1145,eetcho,1
1146,eeoka,1
1147,!olees,1
1148,eoso,1
1149,ekchc,1
1150,ekea!,1
1151,hek,1
1152,eeeg,1
1153,eolkeche,1
1154,heepc,1
1155,et!e,1
1156,eeke,1
1157,!!!!!otey!,1
1158,?eecthee,1
1159,esos,1
1160,h!s,1
1161,alamc,1
1162,adair!ch,1
1163,!keeepoly!pc,1
1164,eysa!!!ry!!,1
1165,hdychet,1
1166,!okeeoteo,1
1167,ikh!,1
1168,eolls,1
1169,!ekee,1
1170,ekche,1
1171,e!t,1
1172,arolsas!!!!,1
1173,eea!sh,1
1174,!air!,1
1175,!oete,1
1176,!p,1
1177,archo,1
1178,!oct,1
1179,itho!,1
1180,n!ke,1
1181,em!!!!!!!!!!!!,1
1182,mysar!a!,1
1183,arokai,1
1184,!okche,1
1185,echa,1
1186,adyeokeeo,1
1187,airc,1
1188,esesche,1
1189,eesa,1
1190,hoyk,1
1191,eopc,1
1192,eshs,1
1193,ekeeos,1
1194,alair!,1
1195,r!sheod,1
1196,!l!ai,1
1197,mc,1
1198,g!s,1
1199,alekee,1
1200,eodals,1
1201,hetch,1
1202,!!!!!!okseo,1
1203,eeedaii,1
1204,r!keeo,1
1205,fora!,1
1206,amopaii,1
1207,arodche,1
1208,ecphee,1
1209,eoeke,1
1210,ed?,1
1211,r!!!,1
1212,!!!!!!!d,1
1213,eos!,1
1214,eeseo,1
1215,al!!,1
1216,ar!!,1
1217,r!!,1
1218,m!!!!!,1
1219,ara!m!!!!!!!!!!!!!!,1
1220,aild!,1
1221,!ais,1
1222,amr!,1
1223,alchs,1
1224,aima,1
1225,alcheg,1
1226,hodals,1
1227,ey!ke,1
1228,eey!!,1
1229,aekeee,1
1230,!keo!keo,1
1231,eokseo,1
1232,!ork,1
1233,esa!e,1
1234,!!oko,1
1235,alyo,1
1236,atee,1
1237,????eod,1
1238,facfo,1
1239,ir!sa,1
1240,al!f,1
1241,rolyokees,1
1242,!keod,1
1243,ir!ch,1
1244,rar!!!!,1
1245,eteee,1
1246,????dysheo,1
1247,aith,1
1248,ereo,1
1249,iisoo,1
1250,aes,1
1251,?o?a!,1
1252,!!!oekes,1
1253,!!oeteos,1
1254,e??o,1
1255,!!s,1
1256,fsheo,1
1257,fais,1
1258,!ees,1
1259,aira,1
1260,!al!a,1
1261,ipc,1
1262,!chot,1
1263,?k??,1
1264,eteody!s,1
1265,???,1
1266,ede?,1
1267,!yteied,1
1268,!!!ct,1
1269,?olo,1
1270,geo,1
1271,??!!!!!!!ofa,1
1272,falals,1
1273,reeeos,1
1274,!!!!!!!!!!shos,1
1275,!??eo,1
1276,edal!,1
1277,?eolok,1
1278,????,1
1279,etotee,1
1280,ataseos,1
1281,!!!!!!oteeos,1
1282,???eck?y?,1
1283,ge?????ee,1
1284,h???s,1
1285,ekeolo,1
1286,eoek,1
1287,ekeeo,1
1288,eeoeet,1
1289,fchdy!sd,1
1290,!eeod,1
1291,eeeolo,1
1292,alteo,1
1293,fc!hea!,1
1294,!!!!!ot,1
1295,?ete,1
1296,!opshey!te,1
1297,r?,1
1298,?s?t?,1
1299,eeot,1
1300,aiinod,1
1301,r!ii,1
1302,!top,1
1303,fas,1
1304,alsh,1
1305,eolf,1
1306,!opa,1
1307,eiir?,1
1308,eeeos!a,1
1309,alchek,1
1310,edyg!,1
1311,r!eees,1
1312,ihee,1
1313,?!ad!,1
1314,!dys,1
1315,faikch!,1
1316,i!ai,1
1317,aryokee,1
1318,alor!che,1
1319,amoykee,1
1320,!!!!!!!!!!!!!!!!!!d,1
1321,!!!!!!!!!!!!!!!!!!!!ytai!,1
1322,ardy!!!!!!!!!!!!!!!!!dsheck,1
1323,!!!!!!!!!!!!!qoke,1
1324,!!!!!!!!!!!!!qokee,1
1325,edyqoke,1
1326,eeolysa,1
1327,!chsho!kai!,1
1328,ithe,1
1329,alsshe,1
1330,ar!ysai!,1
1331,!!!dalsho,1
1332,!lka,1
1333,!!!ols,1
1334,!olke,1
1335,!!s!okee,1
1336,!!!c!!!,1
1337,!chedyda,1
1338,!ckh!,1
1339,rdd,1
1340,eedso,1
1341,hea,1
1342,alys!o,1
1343,alyqok,1
1344,ai!n!!o,1
1345,!y!!kai!,1
1346,!qokee,1
1347,!lshe,1
1348,a!r!o,1
1349,!!!oka,1
1350,!shees,1
1351,!ol!ke,1
1352,!!!otchok,1
1353,?s!,1
1354,al!or!o,1
1355,al!olo,1
1356,aloi!,1
1357,!laii!r!,1
1358,!l!che,1
1359,!al!o,1
1360,!!o,1
1361,!!!olalch,1
1362,!!!oleedara,1
1363,f!!!che,1
1364,!opch,1
1365,ror!o,1
1366,!sheed,1
1367,!rols,1
1368,!cse,1
1369,!yk,1
1370,r!alch,1
1371,eyteg,1
1372,!!!olshd,1
1373,!pols,1
1374,!oiii!,1
1375,rshed,1
1376,!ak!a,1
1377,!s!ai,1
1378,!lches,1
1379,!okchee,1
1380,e!eola,1
1381,ar!ote,1
1382,eoede,1
1383,!cheed,1
1384,eedee,1
1385,!!!!!!!lche,1
1386,!ol!kche,1
1387,rolche,1
1388,!chckhe,1
1389,!!!o!rai!,1
1390,!ol!d,1
1391,!ol!shee,1
1392,!tees,1
1393,!a!,1
1394,!aloik,1
1395,!dl!oryoro,1
1396,!!!yke,1
1397,!cheol!k,1
1398,!shck,1
1399,!!!orai!,1
1400,!!!shoro,1
1401,efche,1
1402,!tshe,1
1403,!!!ola,1
1404,!es,1
1405,!!!olkee,1
1406,hoto,1
1407,aa,1
1408,!!!oldshe,1
1409,!!!!!!!she,1
1410,edyo,1
1411,!!!sh,1
1412,r!a?kai!,1
1413,epshe,1
1414,efa,1
1415,!cth,1
1416,!!!do,1
1417,eololto,1
1418,!otche,1
1419,echck,1
1420,!olk,1
1421,!okai!,1
1422,!!!cheol!k,1
1423,hcthe,1
1424,r!chek,1
1425,alshees,1
1426,!!!orolshs,1
1427,!cheey!t,1
1428,!so,1
1429,!!!olc,1
1430,ef!al!oi,1
1431,!!!chee,1
1432,r!ol!,1
1433,hy!!,1
1434,!!!ol!sho,1
1435,al!dai!,1
1436,ror!chee,1
1437,!!!she,1
1438,!rche,1
1439,!!!oltesho,1
1440,!chees,1
1441,eses,1
1442,!!!olch,1
1443,!chect,1
1444,!!sheck,1
1445,!!!ar!o,1
1446,!otai!,1
1447,hdys,1
1448,!kee!,1
1449,!!!ol!s,1
1450,!teed,1
1451,!!te,1
1452,eek!,1
1453,r!sh,1
1454,ra!,1
1455,!lkee,1
1456,!shet,1
1457,edy!t,1
1458,!shche,1
1459,hyokeeo,1
1460,!checkhe,1
1461,al!ys!ol!ka,1
1462,alctho,1
1463,r!olc,1
1464,rait!,1
1465,rol!che,1
1466,!!!olched,1
1467,!or!a,1
1468,!!!osal!s,1
1469,rol!she,1
1470,ira,1
1471,ey!tyqok,1
1472,rches,1
1473,!!!ol!sheo,1
1474,rshee!d,1
1475,!kshe,1
1476,!tar!,1
1477,!!!ch,1
1478,ai!n!d,1
1479,!shals,1
1480,!roi,1
1481,aith!,1
1482,rcheold,1
1483,!chck,1
1484,eckh,1
1485,!al!te,1
1486,!pche,1
1487,alro,1
1488,rn!,1
1489,!!?cheo,1
1490,rol!d,1
1491,r!tai!,1
1492,!!!oldak,1
1493,rolkee,1
1494,!!!chedas,1
1495,!okai,1
1496,!alch!ed,1
1497,!ol!kee,1
1498,!ltee,1
1499,!!!octhe,1
1500,!c!he,1
1501,!!!alchd,1
1502,!qofche,1
1503,al!ke,1
1504,!lkeed,1
1505,rchek,1
1506,ith,1
1507,fhd!or!o,1
1508,!oi,1
1509,rkch,1
1510,!olkes,1
1511,fched!,1
1512,fhee,1
1513,!chy!,1
1514,ror!,1
1515,efoe,1
1516,ee!da,1
1517,!tsh,1
1518,rorai!,1
1519,f!shoro,1
1520,rsheodo,1
1521,eeo!dai!,1
1522,hi,1
1523,!orda,1
1524,rarai,1
1525,ech?,1
1526,!los,1
1527,aiinog,1
1528,e!!!!or!a,1
1529,?!s,1
1530,!!!!e,1
1531,epch!,1
1532,rqopche,1
1533,!eeed,1
1534,!arorch!,1
1535,?da,1
1536,inchota,1
1537,!chs,1
1538,aino,1
1539,eedes,1
1540,epo,1
1541,eedeyopche,1
1542,eoloqokeo,1
1543,!!!!!!!!,1
1544,archees,1
1545,airolk,1
1546,holct,1
1547,hol!ka,1
1548,!opche,1
1549,ecfhe,1
1550,!teeodai!,1
1551,airoo,1
1552,m!o,1
1553,alshd,1
1554,rams,1
1555,eey!kc,1
1556,aiod,1
1557,fyshe,1
1558,eodai,1
1559,fchcf,1
1560,amod,1
1561,ey!tai!,1
1562,!kaly!t,1
1563,eey!tyda,1
1564,eod!ka,1
1565,aloshee,1
1566,eody!tey!t,1
1567,in!ls,1
1568,a!p,1
1569,eeedc,1
1570,fhya,1
1571,acheo,1
1572,e?o,1
1573,eeoc,1
1574,airodyched,1
1575,rar!,1
1576,ral!kche,1
1577,al!shs,1
1578,!cpheo!sa,1
1579,ee!ckhos,1
1580,heoke,1
1581,fcheos,1
1582,eeeet,1
1583,!!!!!chee,1
1584,h!od,1
1585,hepchodyold,1
1586,hyyteeo,1
1587,eecthe,1
1588,hosyykeeo,1
1589,hyso,1
1590,!ydoteos,1
1591,echoep,1
1592,heyqokeod,1
1593,hodolyteodai!,1
1594,heckhycheo,1
1595,!odallseee,1
1596,fhs,1
1597,aiins!,1
1598,atol!g,1
1599,r!ol!o,1
1600,rchet,1
1601,aiph,1
1602,r!chol!s,1
1603,fyskyd,1
1604,faldo,1
1605,a!ro,1
1606,r!shya,1
1607,ar!cheo,1
1608,archee,1
1609,he!,1
1610,airs,1
1611,md,1
1612,arda!!!,1
1613,ararchoda,1
1614,!!!oi,1
1615,?oait,1
1616,epe,1
1617,ae!,1
1618,et!y!,1
1619,r!chs,1
1620,inchoda,1
1621,!cf,1
1622,hoeedo,1
1623,!!!!da,1
1624,!khe!!o,1
1625,e!g!!,1
1626,recho,1
1627,eopo,1
1628,for!a,1
1629,eoef,1
1630,eeeoko,1
1631,inqokeo,1
1632,r!chee,1
1633,!keeokec,1
1634,fak,1
1635,aroteee,1
1636,m!qolcheo,1
1637,ety!chod!!,1
1638,?a!!,1
1639,?!?y!fo,1
1640,inchos,1
1641,?ee,1
1642,am!s,1
1643,ef!sheydairy!,1
1644,ep!oa,1
1645,???!,1
1646,!t!,1
1647,aloii,1
1648,?ds??o,1
1649,rad!,1
1650,!rek,1
1651,!shos,1
1652,eeyct,1
1653,eeora,1
1654,ars,1
1655,hyokchod,1
1656,ry!d,1
1657,!chso,1
1658,ealchs,1
1659,ekeeysoeeo,1
1660,eodys,1
1661,hdait,1
1662,rsshese,1
1663,ikheeos,1
1664,esqoko!o,1
1665,hey!oto,1
1666,aiinykeeoloctheo,1
1667,fheos,1
1668,alssolytee,1
1669,ey!te,1
1670,eodysyolchee,1
1671,eshsyteo,1
1672,etodaithe,1
1673,hodai,1
1674,eeok,1
1675,eeo!cthe,1
1676,!l!sheeos,1
1677,alefo,1
1678,epch!kshee,1
1679,fcho!s,1
1680,hosho,1
1681,!chodc,1
1682,!soto,1
1683,!chock,1
1684,eol!s,1
1685,!choct,1
1686,eey!s,1
1687,heoda,1
1688,hos!,1
1689,ropchyotchd,1
1690,eyokydaiind,1
1691,hog,1
1692,inotaldai,1
1693,heosshodai!,1
1694,eol!dai,1
1695,heydsheog,1
1696,eeeeod,1
1697,alsoxockhe,1
1698,eda!!,1
1699,eedalykee,1
1700,ealchorcho,1
1701,araloto,1
1702,aiinoto,1
1703,fai!,1
1704,hy!fc,1
1705,!ted,1
1706,!kaip,1
1707,arcs,1
1708,!l!kai!,1
1709,alkai!nok,1
1710,ai!noka,1
1711,alsshedai!,1
1712,ai!nytas!,1
1713,hoepa,1
1714,alfshed,1
1715,fcho!da,1
1716,!cheda,1
1717,eo!so,1
1718,!ii,1
1719,ho!ct,1
1720,echeeo,1
1721,!aiinchoke,1
1722,eorcheolcheodai!,1
1723,r!cheo,1
1724,epsheo,1
1725,heoop,1
1726,ar!asod,1
1727,eodoiinsaroqoches,1
1728,eoteos,1
1729,hosycthytche,1
1730,amog,1
1731,raros,1
1732,!ara!,1
1733,eksa,1
1734,iine,1
1735,eosa,1
1736,eecho,1
1737,edyokolo,1
1738,inokoly!,1
1739,!olalokeol!,1
1740,aiidalaii,1
1741,alolyykeo,1
1742,ralas,1
1743,eearo,1
1744,!arosho,1
1745,rcf,1
1746,arda,1
1747,!aro,1
1748,alsa,1
1749,!oit,1
1750,hee!ck,1
1751,h!!daoto,1
1752,hs!o,1
1753,eeam!sho,1
1754,rea,1
1755,folsho,1
1756,fchod!y!cheo,1
1757,alcf,1
1758,i!cho,1
1759,eesos,1
1760,hdeect,1
1761,eeoseeo!s,1
1762,hho,1
1763,r!alo,1
1764,araro,1
1765,heoct,1
1766,etolctheo,1
1767,!!sheo,1
1768,ri!,1
1769,fcheolai!,1
1770,ho?oshote,1
1771,?!!!,1
1772,ara!,1
1773,!!??????!!kcho,1
1774,rarokora,1
1775,!odai!,1
1776,!??????o,1
1777,eeodychoda,1
1778,eod!s,1
1779,hey!??????eoct,1
1780,!edo,1
1781,!??????!opcheo,1
1782,ekeol!,1
1783,!tolaii,1
1784,!soda,1
1785,aiin!!,1
1786,??????!d,1
1787,?s????!da,1
1788,?????,1
1789,eteeys,1
1790,heo!ckhosho,1
1791,??????o,1
1792,eey??????chee!o,1
1793,!aii,1
1794,ekchey!????o,1
1795,hol??,1
1796,rdod,1
1797,!olai!,1
1798,ar!oekeo,1
1799,eoloteeo,1
1800,eodo,1
1801,fol!cfh,1
1802,rdomsora,1
1803,eoeass!,1
1804,arodyolda,1
1805,amg,1
1806,!oss!!!!,1
1807,e!kyd,1
1808,has,1
1809,!!!!!!lock,1
1810,efchocp,1
1811,e?d?lo,1
1812,?o??s,1
1813,ra??l?r?,1
1814,rshols,1
1815,?!!,1
1816,eoik,1
1817,e?,1
1818,!oii,1
1819,aiees,1
1820,ika,1
1821,eo!ra,1
1822,e???d,1
1823,?!keeeos,1
1824,ron??,1
1825,!tcy!,1
1826,!ckhs,1
1827,aikhek!,1
1828,eolorockhe,1
1829,eechy!pc,1
1830,!!!!ok,1
1831,????????!!,1
1832,is!o,1
1833,adche,1
1834,ech!,1
1835,hyk,1
1836,aso,1
1837,eeka,1
1838,echc,1
1839,ey!ks,1
1840,edala,1
1841,ealo,1
1842,eeesai!,1
1843,edak,1
1844,aroro,1
1845,!cheala,1
1846,!!!!!!okeey!lche,1
1847,fchede,1
1848,!sheok,1
1849,eeol!she,1
1850,r!!!!,1
1851,heoithe,1
1852,eeo!keo,1
1853,al!keee,1
1854,ekeee,1
1855,aror!shee,1
1856,eocf,1
1857,alkch,1
1858,faiino,1
1859,!nd,1
1860,heoc,1
1861,eor!a,1
1862,aiiinro,1
1863,arals,1
1864,ifh,1
1865,efchee,1
1866,roii,1
1867,edche,1
1868,aiisock,1
1869,eeolc,1
1870,ryoreda,1
1871,fchosa,1
1872,ey!tee,1
1873,aeeodee,1
1874,aiike,1
1875,ecth,1
1876,iils,1
1877,airols,1
1878,raiis,1
1879,!x,1
1880,fchok,1
1881,eeol!tee,1
1882,eshed,1
1883,fcheeo,1
1884,roees,1
1885,hdd,1
1886,aiish,1
1887,alkai,1
1888,he!o,1
1889,ii!olka,1
1890,rokaix,1
1891,ek!eey!keo,1
1892,aiik,1
1893,arad,1
1894,alchee,1
1895,fchedy!pa,1
1896,alfo,1
1897,aifh,1
1898,eodees,1
1899,arxo,1
1900,iilo,1
1901,!!!!!!otai,1
1902,aiic,1
1903,aiphhe,1
1904,eed!eo,1
1905,edais,1
1906,aporai,1
1907,aishd,1
1908,rarc,1
1909,eeshe,1
1910,eol!cho,1
1911,eor!fo,1
1912,rcheo,1
1913,rar!olch,1
1914,aiiik,1
1915,arc,1
1916,akai,1
1917,eor!sho,1
1918,!dalo,1
1919,alo!,1
1920,iik,1
1921,fsheda,1
1922,alalo,1
1923,am!c,1
1924,eoto,1
1925,ar!aro,1
1926,!shod!,1
1927,arshe,1
1928,!dalos,1
1929,!shes,1
1930,!k!a,1
1931,!l!chda,1
1932,i!n!ysarx,1
1933,irolc,1
1934,!shoso,1
1935,aiph!,1
1936,far!shee,1
1937,rolc,1
1938,alchk,1
1939,il!cheo,1
1940,aiisod,1
1941,aiiikhe!,1
1942,ralk,1
1943,!!!ok,1
1944,aldai!,1
1945,al!cho,1
1946,rkee,1
1947,!chdai!,1
1948,aif,1
1949,r!aitht,1
1950,akaiik,1
1951,raikc,1
1952,fchai!,1
1953,aol!k,1
1954,e!okeo,1
1955,!!!oa,1
1956,aiii,1
1957,aiech,1
1958,eol!kchee,1
1959,fcheo!kai,1
1960,allke,1
1961,arol!kee,1
1962,alka!,1
1963,alold,1
1964,!keeed,1
1965,eodk,1
1966,eeedai!,1
1967,edarx,1
1968,edeed,1
1969,a!it,1
1970,edk,1
1971,ake,1
1972,ealke,1
1973,rar!a,1
1974,faramot,1
1975,!keche,1
1976,rora,1
1977,rcheete,1
1978,eeo!lche,1
1979,!chda!,1
1980,aiip,1
1981,eeodai!,1
1982,reee,1
1983,hede,1
1984,eka!,1
1985,!!!!!ky!dee,1
1986,eo!cthe,1
1987,irai!,1
1988,eeotee,1
1989,ed!lke,1
1990,eo!ke,1
1991,eol!kee,1
1992,!teokai!,1
1993,eol!kedai!,1
1994,eeokai!,1
1995,!kea,1
1996,ih,1
1997,?ai!,1
1998,alol!she,1
1999,!!!!!!qokee,1
2000,fcheeo!,1
2001,!aitai!,1
2002,alpchd,1
2003,r!ch!ai!,1
2004,etai!,1
2005,ai!n!,1
2006,ama,1
2007,ar!sh,1
2008,r!ald,1
2009,rol!kee,1
2010,akche,1
2011,!oee,1
2012,r!o!,1
2013,ag,1
2014,amchd,1
2015,eeea,1
2016,ri,1
2017,!shd,1
2018,eedas,1
2019,eo!k,1
2020,go,1
2021,ary!teop,1
2022,raii!,1
2023,e!g,1
2024,a!ekeee,1
2025,i?,1
2026,eo!kee,1
2027,eeek,1
2028,ees!a,1
2029,eot,1
2030,ei,1
2031,!arai!,1
2032,eeedee!d,1
2033,eo!s!,1
2034,eekai!,1
2035,r!aif,1
2036,eodaro,1
2037,!lch,1
2038,fam!o,1
2039,alpch,1
2040,al!a,1
2041,am!d,1
2042,e!ot,1
2043,esfc,1
2044,hec,1
2045,alog,1
2046,folcho,1
2047,eches,1
2048,!cheod,1
2049,rla,1
2050,hoit,1
2051,!dai,1
2052,e!!!!,1
2053,akc,1
2054,eeoa,1
2055,alkeeo,1
2056,alshs,1
2057,!keeos,1
2058,fsheee,1
2059,har!ad,1
2060,!keec,1
2061,r!os,1
2062,!arors,1
2063,ralchs,1
2064,folor!aro,1
2065,m!ok,1
2066,araii!,1
2067,fchoctheo,1
2068,rchc,1
2069,eolc,1
2070,ii!da,1
2071,fcheshd,1
2072,heeda,1
2073,eepche,1
2074,fcho!cth,1
2075,!kcheos,1
2076,aithch,1
2077,ash,1
2078,!phee,1
2079,arald,1
2080,hey!p!che,1
2081,aloi,1
2082,iros,1
2083,fdeech,1
2084,fchedaiis,1
2085,!old,1
2086,ailo,1
2087,hedai,1
2088,aka,1
2089,fcheda,1
2090,!pda,1
2091,air!olch,1
2092,rodee,1
2093,aiy!,1
2094,!cheeo!da,1
2095,edairs,1
2096,eedai,1
2097,aiis!ai,1
2098,eed!ee,1
2099,ekas,1
2100,ar!ai!,1
2101,eeo!sai!,1
2102,!qeo!oda,1
2103,ir!,1
2104,edcheo,1
2105,epoep,1
2106,ed!she,1
2107,fcheds,1
2108,rkchek,1
2109,al!ko,1
2110,echeokeo,1
2111,fshd,1
2112,!ol!teee,1
2113,!ckh,1
2114,eeo!sa,1
2115,!oteee,1
2116,air!or!lc,1
2117,hol!ro,1
2118,rcheeo,1
2119,ee!dche,1
2120,!ail!che,1
2121,!kched,1
2122,aroro!chees,1
2123,edyd,1
2124,echeos,1
2125,!a!!no,1
2126,rs,1
2127,ar!olk,1
2128,etdai!,1
2129,eo!cho,1
2130,rchees,1
2131,eo!kai!,1
2132,rokee,1
2133,rait,1
2134,ralo,1
2135,ros,1
2136,eeo!tc,1
2137,iirch,1
2138,rodai!,1
2139,rol!shee,1
2140,al!ches,1
2141,aid!,1
2142,inos,1
2143,eeal!ka,1
2144,ee!tc,1
2145,rchos,1
2146,?tee,1
2147,amo,1
2148,!oai!,1
2149,rot,1
2150,rteo,1
2151,aralo,1
2152,rf,1
2153,al!s,1
2154,alol!fc,1
2155,rpche,1
2156,e!ka,1
2157,arsheg,1
2158,airai!,1
