page,loc,label,frequency
f67r1,f67r1.8,otaldy,1
f67r1,f67r1.9,otoky,1
f67r1,f67r1.10,seeoa!r,1
f67r1,f67r1.11,yka!s,1
f67r1,f67r1.11,asa,1
f67r1,f67r1.12,sosaiir,1
f67r1,f67r1.13,oteey,5
f67r1,f67r1.13,dar,9
f67r1,f67r1.14,yto,2
f67r1,f67r1.14,daiir,2
f67r1,f67r1.15,sheosam,1
f67r1,f67r1.16,ykeeody,2
f67r1,f67r1.17,okeol,4
f67r1,f67r1.17,sal,2
f67r1,f67r1.18,okeey,6
f67r1,f67r1.18,sar,5
f67r1,f67r1.19,dalary,1
f67r2,"f67r2.12,&L0",ykchs,1
f67r2,"f67r2.12,&L0",ykchos,1
f67r2,f67r2.1,ykchyr,1
f67r2,f67r2.1,aram,1
f67r2,"f67r2.2,&L0",ykecho,1
f67r2,"f67r2.2,&L0",ols,2
f67r2,"f67r2.2,&L0",eesy!dy,1
f67r2,"f67r2.3,&L0",soy,1
f67r2,"f67r2.3,&L0",shr,1
f67r2,"f67r2.3,&L0",okar,5
f67r2,"f67r2.4,&L0",shekchy,1
f67r2,"f67r2.4,&L0",ykor,2
f67r2,"f67r2.5,&L0",ykeody,3
f67r2,"f67r2.5,&L0",okchy,4
f67r2,"f67r2.6,&L0",dchetdy,1
f67r2,"f67r2.7,&L0",rfchykchey,1
f67r2,"f67r2.7,&L0",ykchys,1
f67r2,"f67r2.8,&L0",chkch!!!dar,1
f67r2,"f67r2.9,&L0",ykar,1
f67r2,"f67r2.9,&L0",ykaly,1
f67r2,"f67r2.10,&L0",lkshykchy,1
f67r2,"f67r2.10,&L0",okar,5
f67r2,"f67r2.11,&L0",chky,1
f67r2,"f67r2.11,&L0",chykchr,1
f67r2,"f67r2.11,&L0",chy,3
f67r2,f67r2.48,todaiin,1
f67r2,f67r2.48,dain,1
f67r2,f67r2.48,dy,13
f67r2,f67r2.49,orchoer,1
f67r2,f67r2.49,aiin,8
f67r2,f67r2.50,choeey,1
f67r2,f67r2.50,s!ar,2
f67r2,f67r2.51,dacsa?ry?<$>,1
f67r2,f67r2.13,opodchol,1
f67r2,f67r2.13,d!ain,1
f67r2,f67r2.13,aldy,1
f67r2,f67r2.14,sochy,1
f67r2,f67r2.14,doiin,1
f67r2,f67r2.14,oldy<$>,1
f67r2,f67r2.16,odaii!n,1
f67r2,f67r2.16,otocs,1
f67r2,f67r2.16,oekain,1
f67r2,f67r2.16,y,4
f67r2,f67r2.17,otchoy,1
f67r2,f67r2.17,so!raiis,1
f67r2,f67r2.17,dy,13
f67r2,f67r2.18,qofchy,1
f67r2,f67r2.18,daiin,14
f67r2,f67r2.18,dal<$>,1
f67r2,f67r2.19,ydchos,1
f67r2,f67r2.19,ain,1
f67r2,f67r2.19,ar,16
f67r2,f67r2.19,amy,1
f67r2,f67r2.20,chocfhy,1
f67r2,f67r2.20,saral,1
f67r2,f67r2.21,rain,1
f67r2,f67r2.21,am,8
f67r2,f67r2.21,or<$>,2
f67r2,f67r2.23,eoporchy,1
f67r2,f67r2.23,salsoiin,1
f67r2,f67r2.24,sodar,1
f67r2,f67r2.24,ofor,1
f67r2,f67r2.24,ar,16
f67r2,f67r2.25,ydag<$>,1
f67r2,f67r2.26,yteoor,1
f67r2,f67r2.26,yto,2
f67r2,f67r2.26,ykor,2
f67r2,f67r2.27,okeo!r,1
f67r2,f67r2.27,aiin,8
f67r2,f67r2.27,am<$>,1
f67r2,f67r2.29,ytody,2
f67r2,f67r2.29,s!aiin,1
f67r2,f67r2.30,ochol,2
f67r2,f67r2.30,olol<$>,1
f67r2,f67r2.32,dorar,1
f67r2,f67r2.32,odar,1
f67r2,f67r2.32,ais,1
f67r2,f67r2.32,aloiin,1
f67r2,f67r2.33,dakan,1
f67r2,f67r2.33,osar,2
f67r2,f67r2.33,odal<$>,1
f67r2,f67r2.35,chol,4
f67r2,f67r2.35,daiin,14
f67r2,f67r2.35,okol,3
f67r2,f67r2.36,ytor,1
f67r2,f67r2.36,daiin,14
f67r2,f67r2.36,or<$>,2
f67r2,f67r2.38,otoldos,1
f67r2,f67r2.38,octhole,1
f67r2,f67r2.39,sor,1
f67r2,f67r2.39,chedaiin,1
f67r2,f67r2.39,dy,13
f67r2,f67r2.40,yteos,1
f67r2,f67r2.40,oiin,1
f67r2,f67r2.40,om<$>,1
f67r2,f67r2.41,ytoeopchey,1
f67r2,f67r2.41,chekody,1
f67r2,f67r2.42,soshe,1
f67r2,f67r2.42,chos,1
f67r2,f67r2.42,ockhy,2
f67r2,f67r2.43,daiin,14
f67r2,f67r2.43,aiin,8
f67r2,f67r2.43,os,3
f67r2,f67r2.43,yrl<$>,1
f67r2,f67r2.44,ofydy,1
f67r2,f67r2.44,sheody,1
f67r2,f67r2.44,aiin,8
f67r2,f67r2.45,ycheody,1
f67r2,f67r2.45,es,1
f67r2,f67r2.45,odaiiin,1
f67r2,f67r2.46,yekees,1
f67r2,f67r2.46,oraly<$>,1
f67r2,f67r2.15,dylchsody,1
f67r2,f67r2.22,okal,5
f67r2,f67r2.28,okain,1
f67r2,f67r2.28,am,8
f67r2,f67r2.31,opchol!dy,1
f67r2,f67r2.34,dfar,1
f67r2,f67r2.34,oeolda!n,1
f67r2,f67r2.37,ytoaiin,1
f67r2,f67r2.47,yfain,1
f67r2,"f67r2.63,&Ls",okadar,1
f67r2,f67r2.52,qotoear,1
f67r2,"f67r2.53,&Ls",dchodar,1
f67r2,"f67r2.54,&Ls",ysaldal,1
f67r2,"f67r2.55,&Ls",ytodal,1
f67r2,"f67r2.56,&Ls",tol,1
f67r2,"f67r2.56,&Ls",daiin,14
f67r2,"f67r2.57,&Ls",otardy,1
f67r2,"f67r2.58,&Ls",chodalg,1
f67r2,"f67r2.59,&Ls",ytchodyy,1
f67r2,"f67r2.60,&Ls",octhys,1
f67r2,"f67r2.61,&Ls",ytokar,1
f67r2,"f67r2.62,&Ls",otolor,1
f67r2,f67r2.64,s,5
f67r2,f67r2.64,air,3
f67r2,"f67r2.65,&L0",so!eor,1
f67r2,"f67r2.66,&L0",cpheey,1
f67r2,"f67r2.67,&L0",okodas,1
f67r2,"f67r2.68,&L0",oepcho!l,1
f67r2,"f67r2.69,&L0",s!acthhy,1
f67r2,"f67r2.70,&L0",osar,2
f67r2,"f67r2.71,&L0",oran,1
f67v2,f67v2.2,otararain,1
f67v2,f67v2.22,okchos!am,1
f67v2,f67v2.4,daiin,14
f67v2,f67v2.4,taedaiin,1
f67v2,f67v2.4,or,7
f67v2,f67v2.4,okor<$>,1
f67v2,f67v2.5,okeey,6
f67v2,f67v2.5,keoy,1
f67v2,f67v2.5,osalal,1
f67v2,f67v2.6,ykyral,1
f67v2,f67v2.6,am,8
f67v2,f67v2.6,oralady,1
f67v2,f67v2.6,odam<$>,1
f67v2,f67v2.7,toal,1
f67v2,f67v2.7,daim,1
f67v2,f67v2.7,sakar,1
f67v2,f67v2.7,dam,3
f67v2,f67v2.8,solair,1
f67v2,f67v2.8,cfhey,1
f67v2,f67v2.8,solal,1
f67v2,f67v2.8,daly<$>,1
f67v2,f67v2.9,okeol,4
f67v2,f67v2.9,chol,4
f67v2,f67v2.9,ar,16
f67v2,f67v2.9,okol,3
f67v2,f67v2.9,dam,3
f67v2,f67v2.10,koaiin,1
f67v2,f67v2.10,ofyl,1
f67v2,f67v2.10,ol,2
f67v2,f67v2.10,ofalaiin,1
f67v2,f67v2.10,oar<$>,1
f67v2,f67v2.18,o?eeey,1
f67v2,f67v2.18,oekchdy,1
f67v2,f67v2.12,oeola,1
f67v2,f67v2.12,les,1
f67v2,f67v2.12,airar,1
f67v2,f67v2.14,oar,2
f67v2,f67v2.14,ykalo,1
f67v2,f67v2.14,char,3
f67v2,f67v2.16,okar!alet,1
f67v2,f67v2.16,olkao,1
f67v2,f67v2.13,okydseog,1
f67v2,f67v2.13,oa!foaly,1
f67v2,f67v2.15,ocs,1
f67v2,f67v2.15,ekais,1
f67v2,f67v2.15,okolarm,1
f67v2,f67v2.17,qokoaiis,1
f67v2,f67v2.17,ocfhhy,1
f67v2,f67v2.11,dcsesor,1
f67v2,f67v2.11,ochepalain,1
f67v2,f67v2.19,soaiin<-><!plant>dalam,1
f67v2,f67v2.20,sory<-><!plant>okoral,1
f67v1,"f67v1.6,&L0",dch?sy!kchy,1
f67v1,"f67v1.7,&L0",ykeodar,1
f67v1,"f67v1.8,&L0",dechoe!kol,1
f67v1,"f67v1.9,&L0",ockh!o!sam,1
f67v1,"f67v1.10,&L0",kochar!dy,1
f67v1,"f67v1.11,&L0",ochodare,1
f67v1,"f67v1.12,&L0",ols,2
f67v1,"f67v1.12,&L0",aiin!y,1
f67v1,f67v1.1,damam!m,1
f67v1,"f67v1.2,&L0",dairkal,1
f67v1,"f67v1.3,&L0",okal,5
f67v1,"f67v1.3,&L0",ary,5
f67v1,"f67v1.4,&L0",dor,1
f67v1,"f67v1.4,&L0",echkolal,1
f67v1,"f67v1.5,&L0",okol!aldy,1
f67v1,f67v1.21,yko!o,1
f67v1,f67v1.21,cheo,1
f67v1,f67v1.21,daiin,14
f67v1,f67v1.21,ypcheg,1
f67v1,f67v1.21,oty,3
f67v1,f67v1.22,opcheey,1
f67v1,f67v1.22,chso,1
f67v1,f67v1.22,cheey,2
f67v1,f67v1.22,chedaly,1
f67v1,f67v1.24,osheey,1
f67v1,f67v1.24,keeody,1
f67v1,f67v1.24,che,1
f67v1,f67v1.24,dals,1
f67v1,f67v1.25,okor,1
f67v1,f67v1.25,shey,1
f67v1,f67v1.25,qokcheor,1
f67v1,f67v1.25,doii!r,1
f67v1,f67v1.26,oeees,3
f67v1,f67v1.26,otechy,1
f67v1,f67v1.26,o!keey,1
f67v1,f67v1.28,oksheeoda,1
f67v1,f67v1.28,or,7
f67v1,f67v1.28,aral,1
f67v1,f67v1.29,olar,1
f67v1,f67v1.29,aroka,1
f67v1,f67v1.13,otorkeol,1
f67v1,f67v1.13,or,7
f67v1,f67v1.13,cheey,2
f67v1,f67v1.13,dary,2
f67v1,f67v1.14,okechey,1
f67v1,f67v1.14,cheody,3
f67v1,f67v1.14,eoky,1
f67v1,f67v1.15,otechodor,1
f67v1,f67v1.15,o!dreeey,1
f67v1,f67v1.16,chockhdy,1
f67v1,f67v1.16,cheockhy,1
f67v1,f67v1.17,ytchoy,1
f67v1,f67v1.17,kchochy,1
f67v1,f67v1.17,dair,4
f67v1,f67v1.17,oekey,1
f67v1,f67v1.18,kchcsey,1
f67v1,f67v1.18,chy,3
f67v1,f67v1.18,koldy,1
f68r1,f68r1.4,dchor,1
f68r1,f68r1.4,okaii!n<$>,1
f68r1,f68r1.5,yky,3
f68r1,f68r1.6,dary,2
f68r1,f68r1.7,chkchykoly<$>,1
f68r1,f68r1.12,chocphy,1
f68r1,f68r1.17,cphocthy,1
f68r1,f68r1.36,dolchedy,1
f68r1,f68r1.21,ockhy,2
f68r1,f68r1.31,ocphy,1
f68r1,f68r1.13,octhey,1
f68r1,f68r1.10,otcheody,1
f68r1,f68r1.9,odchecthy,1
f68r1,f68r1.22,ofcheor,1
f68r1,f68r1.27,oiin!ar,1
f68r1,f68r1.16,okeor,1
f68r1,f68r1.32,okeeodal,1
f68r1,f68r1.11,okoaly,1
f68r1,f68r1.28,okoldy,1
f68r1,f68r1.33,okshor,1
f68r1,f68r1.20,olor,1
f68r1,f68r1.34,or!daiin,1
f68r1,f68r1.23,otcsdo,1
f68r1,f68r1.35,otochedy,1
f68r1,f68r1.8,okodaly,1
f68r1,f68r1.25,otol,4
f68r1,f68r1.26,otor,1
f68r1,f68r1.14,otcsey,1
f68r1,f68r1.15,otydy,1
f68r1,f68r1.24,otykchs,1
f68r1,f68r1.19,otys,1
f68r1,f68r1.30,toeeodcthy,1
f68r1,f68r1.29,ykchdy,1
f68r1,f68r1.18,ytchody,1
f68r1,f68r1.37,oky,6
f68r1,f68r1.37,oka!dy,1
f68r1,f68r1.37,okardy,1
f68r1,f68r1.37,q?aear,1
f68r1,f68r1.37,oldy,1
f68r2,f68r2.7,otolchcthy,1
f68r2,f68r2.8,cheo!rol,1
f68r2,f68r2.9,odaiin,1
f68r2,f68r2.10,ochory,1
f68r2,f68r2.11,shdar,1
f68r2,f68r2.12,dchol,2
f68r2,f68r2.13,todaraiil!y,1
f68r2,f68r2.14,olcheesey,1
f68r2,f68r2.15,okchor,1
f68r2,f68r2.16,oteool,1
f68r2,f68r2.17,oydchy,1
f68r2,f68r2.19,cholar,1
f68r2,f68r2.18,okcheody,1
f68r2,f68r2.20,dcheoldy,1
f68r2,f68r2.21,oteeeo!r,1
f68r2,f68r2.22,etocho,1
f68r2,f68r2.23,ofchsody,1
f68r2,f68r2.24,otcheodar,1
f68r2,f68r2.25,odai!r,1
f68r2,f68r2.25,chol,4
f68r2,f68r2.26,opocphor,1
f68r2,f68r2.27,otoshol,1
f68r2,f68r2.28,chodar,1
f68r2,f68r2.29,shchy,1
f68r2,f68r2.30,okeechor,1
f68r3,f68r3.9,dchey,1
f68r3,f68r3.9,qokeey,1
f68r3,f68r3.9,dcheey,1
f68r3,f68r3.9,daiir,2
f68r3,f68r3.9,otchal,1
f68r3,f68r3.3,toees,1
f68r3,f68r3.3,ch!cphy,1
f68r3,f68r3.3,qokchdy,1
f68r3,f68r3.3,dol,1
f68r3,f68r3.3,okyld,1
f68r3,f68r3.8,kchoty,1
f68r3,f68r3.8,oteey,5
f68r3,f68r3.8,daiin,14
f68r3,f68r3.8,dcheeody,1
f68r3,f68r3.8,oteey,5
f68r3,f68r3.11,doaro,1
f68r3,f68r3.12,oalcheol,1
f68r3,f68r3.10,dchol,2
f68r3,f68r3.10,dal,6
f68r3,f68r3.14,otory<!crease>,1
f68r3,f68r3.13,okos,1
f68r3,f68r3.17,okolchy,1
f68r3,f68r3.16,a,1
f68r3,f68r3.16,<!crease>cphy,1
f68r3,f68r3.15,chdy,4
f68r3,f68r3.15,yky,3
f68r3,f68r3.20,darall,1
f68r3,f68r3.18,o,3
f68r3,f68r3.18,cthyd,1
f68r3,f68r3.21,okchoda,1
f68r3,f68r3.19,oty!dm,1
f68v3,f68v3.7,r,1
f68v3,f68v3.7,al,8
f68v3,f68v3.7,chdail,1
f68v3,f68v3.7,schekol,1
f68v3,f68v3.7,okeody,7
f68v3,f68v3.13,ydaiil,1
f68v3,f68v3.13,ol,2
f68v3,f68v3.13,chok,1
f68v3,f68v3.13,okchyd,1
f68v3,f68v3.15,otodol,1
f68v3,f68v3.16,opcholdg,1
f68v3,f68v3.17,doar,1
f68v3,f68v3.17,ykeol,1
f68v3,f68v3.17,darol,1
f68v3,f68v3.17,daly,1
f68v3,f68v3.18,solaiin,1
f68v3,f68v3.18,ckhhy,1
f68v3,f68v3.18,olekeey,1
f68v3,f68v3.18,dy,13
f68v2,f68v2.18,choteey,1
f68v2,f68v2.18,daro,1
f68v2,f68v2.7,otey,2
f68v2,f68v2.7,dala!r,1
f68v2,f68v2.9,yshesos,1
f68v2,f68v2.9,ar,16
f68v2,f68v2.9,shy,2
f68v2,f68v2.10,socth!s,1
f68v2,f68v2.10,chety,1
f68v2,f68v2.12,yteody,3
f68v2,f68v2.12,chetey,1
f68v2,f68v2.13,otchos,1
f68v2,f68v2.13,alamchy,1
f68v2,f68v2.15,adair!chdy,1
f68v2,f68v2.15,aiin,8
f68v2,f68v2.16,dchedal,1
f68v2,f68v2.16,daiin,14
f68v2,f68v2.17,y!keeepol<-><!star>y!pchy,1
f68v2,f68v2.8,otosey<-><!star>sa!!!ry,1
f68v2,f68v2.11,oteoys<-><!star>orasaly,1
f68v2,f68v2.14,otchdy<-><!star>chetal,1
f68v1,f68v1.3,dair,4
f68v1,f68v1.3,cpche!ty,1
f68v1,f68v1.3,dy,13
f68v1,f68v1.4,sair,2
f68v1,f68v1.4,arolsas,1
f68v1,f68v1.5,oteeos,1
f68v1,f68v1.5,araly,1
f68v1,f68v1.6,okechdaral,1
f68v1,f68v1.7,otol,4
f68v1,f68v1.7,chcs,1
f68v1,f68v1.7,otaly,4
f68v1,f68v1.8,okeey,6
f68v1,f68v1.8,ch,1
f68v1,f68v1.8,ek,1
f68v1,f68v1.8,chekeys,1
f68v1,f68v1.9,dar,9
f68v1,f68v1.9,shes,1
f68v1,f68v1.9,shokey,1
f68v1,f68v1.10,oteodain,1
f68v1,f68v1.10,sar,5
f69r,"f69r.11,&L0",shy,2
f69r,"f69r.11,&L0",cht!air!y,1
f69r,"f69r.12,&L0",yt!oetear,1
f69r,"f69r.13,&L0",ytey,1
f69r,"f69r.13,&L0",cholam,1
f69r,"f69r.14,&L0",dair,4
f69r,"f69r.14,&L0",ar,16
f69r,"f69r.14,&L0",yteey,1
f69r,"f69r.14,&L0",chdy,4
f69r,"f69r.15,&L0",okair,1
f69r,"f69r.15,&L0",os,3
f69r,"f69r.15,&L0",air,3
f69r,"f69r.16,&L0",chy,3
f69r,"f69r.16,&L0",to,1
f69r,"f69r.16,&L0",s,5
f69r,"f69r.16,&L0",aly,4
f69r,"f69r.17,&L0",chetar,1
f69r,"f69r.17,&L0",ar,16
f69r,"f69r.17,&L0",aly,4
f69r,"f69r.18,&L0",dalr,1
f69r,"f69r.18,&L0",al,8
f69r,"f69r.18,&L0",ody,2
f69r,"f69r.19,&L0",dal,6
f69r,"f69r.19,&L0",daiin,14
f69r,"f69r.19,&L0",otolam,2
f69r,"f69r.20,&L0",ytcheody!tor,1
f69r,f69r.5,oteos,2
f69r,f69r.5,cho!p,1
f69r,f69r.5,ota!ky,1
f69r,"f69r.6,&L0",ar,16
f69r,"f69r.6,&L0",odain,1
f69r,"f69r.6,&L0",chtaly,1
f69r,"f69r.7,&L0",oto,1
f69r,"f69r.7,&L0",dar,9
f69r,"f69r.7,&L0",archol,1
f69r,"f69r.8,&L0",okeeo,1
f69r,"f69r.8,&L0",chey,1
f69r,"f69r.8,&L0",dy,13
f69r,"f69r.9,&L0",dcho!char,1
f69r,"f69r.9,&L0",ar,16
f69r,"f69r.10,&L0",ytal,2
f69r,"f69r.10,&L0",air,3
f69r,"f69r.10,&L0",al,8
f69r,f69r.30,okch!octhy,1
f69r,f69r.30,okar,5
f69r,f69r.30,ar,16
f69r,f69r.31,cheg,1
f69r,f69r.31,ar,16
f69r,f69r.31,itho!r,1
f69r,f69r.31,ary,5
f69r,f69r.32,sair,2
f69r,f69r.32,chekey,1
f69r,f69r.32,dairam,1
f69r,f69r.33,okcho,1
f69r,f69r.33,dal,6
f69r,f69r.33,oka!r,1
f69r,f69r.33,a!r,1
f69r,f69r.34,sol,1
f69r,f69r.34,aiir,1
f69r,f69r.34,okey!tam,1
f69r,f69r.35,okeos,4
f69r,f69r.35,ar,16
f69r,f69r.35,alg,1
f69r,f69r.36,docheeo,1
f69r,f69r.36,kody,1
f69r,f69r.36,sar,5
f69r,f69r.37,dchokey,1
f69r,f69r.37,shkchody,1
f69r,f69r.37,al,8
f69r,f69r.38,chor,1
f69r,f69r.38,al,8
f69r,f69r.38,ylcho,1
f69r,f69r.38,ral,1
f69r,f69r.39,soir,1
f69r,f69r.39,al,8
f69r,f69r.39,okody,4
f69r,f69r.39,otedy,2
f69r,f69r.40,okody,4
f69r,f69r.40,cheody,3
f69r,f69r.40,sar,5
f69r,f69r.41,chokeod,1
f69r,f69r.41,okeea,1
f69r,f69r.42,dkochy,1
f69r,f69r.42,cthody,1
f69r,f69r.42,dy,13
f69r,f69r.21,chodchy,1
f69r,f69r.21,chotal,2
f69r,f69r.22,okeo,3
f69r,f69r.22,sho,1
f69r,f69r.22,qotam,1
f69r,f69r.23,okeodar,1
f69r,f69r.23,oteody,3
f69r,f69r.24,ykeeos,1
f69r,f69r.24,al,8
f69r,f69r.24,dair,4
f69r,f69r.24,dar,9
f69r,f69r.25,ykeey,2
f69r,f69r.25,dal,6
f69r,f69r.25,oky,6
f69r,f69r.26,doly,1
f69r,f69r.26,dal,6
f69r,f69r.26,dar,9
f69r,f69r.26,chyky,1
f69r,f69r.27,okchol,1
f69r,f69r.27,qokol,1
f69r,f69r.27,dalo,1
f69r,f69r.28,ykechody,1
f69r,f69r.28,otar,2
f69r,f69r.29,dar!y,1
f69r,f69r.29,dar,9
f69r,f69r.29,aloly,2
f69r,f69r.45,d,2
f69r,f69r.46,o,3
f69r,f69r.47,l,1
f69r,f69r.48,s,5
f69r,f69r.49,em,1
f69r,f69r.44,y,4
f69v,f69v.7,ykeey,2
f69v,f69v.8,ytary,1
f69v,f69v.9,oeesa,1
f69v,f69v.10,ytody,2
f69v,f69v.11,okody,4
f69v,f69v.12,otody,3
f69v,f69v.13,okeol,4
f69v,f69v.14,okeod,4
f69v,f69v.15,oteeys,1
f69v,f69v.16,oteol,1
f69v,f69v.17,ykeydy,1
f69v,f69v.18,okeod,4
f69v,f69v.19,sar!al,1
f69v,f69v.20,saiir,1
f69v,f69v.21,okolar,2
f69v,f69v.22,ykeody,3
f69v,f69v.23,sarydy,1
f69v,f69v.24,otchy,1
f69v,f69v.25,okchy,4
f69v,f69v.25,dy,13
f69v,f69v.26,okey,2
f69v,f69v.26,d,2
f69v,f69v.27,okeod,4
f69v,f69v.28,okodchy,1
f69v,f69v.29,okeody,7
f69v,f69v.30,okchey,1
f69v,f69v.30,s,5
f69v,f69v.31,oar,2
f69v,f69v.31,alys,1
f69v,f69v.4,okchy,4
f69v,f69v.4,sar,5
f69v,f69v.5,okeo,3
f69v,f69v.5,dy,13
f69v,f69v.6,ochoyk,1
f70r1,f70r1.1,%%%%%%%%%%%%%%%%%%%%%%%%%%%%%%%%%%%%%%%%%%%%%%%%%%%%%%%%%%%%oooooooool!ar?%%%%,1
f70r1,f70r1.6,otcho,1
f70r1,f70r1.6,dar,9
f70r1,f70r1.6,yky,3
f70r1,f70r1.7,opar,1
f70r1,f70r1.7,ykchy,1
f70r1,f70r1.8,y,4
f70r1,f70r1.8,saimchy,1
f70r1,f70r1.8,dam,3
f70r1,f70r1.9,otair,2
f70r1,f70r1.9,orolgy,1
f70r1,f70r1.10,dchal,1
f70r1,f70r1.10,da!m,1
f70r1,f70r1.11,yteody,3
f70r1,f70r1.11,sam,1
f70r1,f70r1.12,okchy,4
f70r1,f70r1.12,dal,6
f70r1,f70r1.12,dy,13
f70r1,f70r1.4,yfcheodly,1
f70r1,f70r1.5,ytcheas,1
f70r1,f70r1.5,aly,4
f70r1,f70r1.15,okeody,7
f70r1,f70r1.16,otody,3
f70r1,f70r1.17,ypolol,1
f70r1,f70r1.18,chodal,1
f70r1,f70r1.19,okosd,1
f70r1,f70r1.14,ykeal,1
f70r2,f70r2.11,daiin,14
f70r2,f70r2.11,chotal,2
f70r2,f70r2.11,qokal,1
f70r2,f70r2.11,chol,4
f70r2,f70r2.11,chotals,1
f70r2,f70r2.14,okaiin,3
f70r2,f70r2.14,chcthhy,2
f70r2,f70r2.14,s,5
f70r2,f70r2.14,or,7
f70r2,f70r2.14,ary<$>,1
f70v2,"f70v2.5,&Lz",oty,3
f70v2,"f70v2.6,&Lz",oky,6
f70v2,"f70v2.6,&Lz",ody,2
f70v2,"f70v2.7,&Lz",oty,3
f70v2,"f70v2.7,&Lz",or,7
f70v2,"f70v2.8,&Lz",okaly,4
f70v2,"f70v2.9,&Lz",otody,3
f70v2,"f70v2.10,&Lz",otald,1
f70v2,"f70v2.11,&Lz",otal,7
f70v2,"f70v2.11,&Lz",dar,9
f70v2,"f70v2.12,&Lz",okody,4
f70v2,"f70v2.13,&Lz",opys,1
f70v2,"f70v2.13,&Lz",am,8
f70v2,"f70v2.14,&Lz",chckhhy,1
f70v2,"f70v2.15,&Lz",otaly,4
f70v2,"f70v2.16,&Lz",otal,7
f70v2,"f70v2.16,&Lz",rar,2
f70v2,"f70v2.17,&Lz",otal,7
f70v2,"f70v2.17,&Lz",dy,13
f70v2,"f70v2.18,&Lz",okeoly,2
f70v2,"f70v2.19,&Lz",oky!dy,1
f70v2,"f70v2.20,&Lz",okees,1
f70v2,f70v2.2,otalalg,1
f70v2,"f70v2.3,&Lz",okasy,1
f70v2,"f70v2.4,&Lz",otar!!<!fold>,1
f70v2,"f70v2.23,&Lz",otar!al,1
f70v2,"f70v2.24,&Lz",otal!ar,1
f70v2,"f70v2.25,&Lz",otal!am,1
f70v2,"f70v2.26,&Lz",dolara!m,1
f70v2,"f70v2.27,&Lz",okaram,2
f70v2,"f70v2.28,&Lz",oteosal,1
f70v2,"f70v2.29,&Lz",sal!ols,1
f70v2,"f70v2.30,&Lz",okal!dal,1
f70v2,"f70v2.31,&Lz",ykolaiin,1
f70v2,f70v2.22,s!ar,2
f70v2,f70v2.22,am,8
f70v2,f70v2.33,otylal,1
f70v1,f70v1.2,otalchy,1
f70v1,f70v1.2,tar,1
f70v1,f70v1.2,am,8
f70v1,f70v1.2,dy,13
f70v1,"f70v1.3,&Lz",opchey,1
f70v1,"f70v1.3,&Lz",sal,2
f70v1,"f70v1.4,&Lz",otokaiman,1
f70v1,"f70v1.5,&Lz",okalal,1
f70v1,"f70v1.6,&Lz",otyly,1
f70v1,"f70v1.7,&Lz",oalcheg,1
f70v1,"f70v1.8,&Lz",otchodals,1
f70v1,"f70v1.9,&Lz",okolshy,1
f70v1,"f70v1.10,&Lz",otshshdy,1
f70v1,"f70v1.11,&Lz",otol,4
f70v1,"f70v1.11,&Lz",ypsharal,1
f70v1,f70v1.13,okoly,2
f70v1,"f70v1.14,&Lz",otolaiin,1
f70v1,"f70v1.15,&Lz",oteo,1
f70v1,"f70v1.15,&Lz",alols,1
f70v1,"f70v1.15,&Lz",asaly,1
f70v1,"f70v1.16,&Lz",oteoeey,1
f70v1,"f70v1.16,&Lz",otal,7
f70v1,"f70v1.16,&Lz",okeal,2
f70v1,"f70v1.16,&Lz",ar,16
f70v1,"f70v1.17,&Lz",oteas,1
f70v1,"f70v1.17,&Lz",araydy,1
f71r,f71r.2,oteos,2
f71r,f71r.2,arar,1
f71r,"f71r.3,&Lz",okldam,1
f71r,"f71r.4,&Lz",oteoaldy,1
f71r,"f71r.5,&Lz",oteolar,1
f71r,"f71r.6,&Lz",okeoaly,1
f71r,"f71r.7,&Lz",otaleky,1
f71r,"f71r.8,&Lz",otalsar,1
f71r,"f71r.9,&Lz",chsary,1
f71r,"f71r.10,&Lz",oteo!tey,1
f71r,"f71r.10,&Lz",sary,1
f71r,"f71r.11,&Lz",otalaly,1
f71r,f71r.13,otol,4
f71r,f71r.13,chdy,4
f71r,"f71r.14,&Lz",otoloaram,1
f71r,"f71r.15,&Lz",oteeol,1
f71r,"f71r.16,&Lz",otolchd,1
f71r,"f71r.17,&Lz",otal,7
f71r,"f71r.17,&Lz",dar,9
f71v,f71v.2,char,3
f71v,f71v.2,orom,1
f71v,"f71v.3,&Lz",chfaly,1
f71v,"f71v.4,&Lz",okolar,2
f71v,"f71v.5,&Lz",otchody,1
f71v,"f71v.6,&Lz",olcphy,1
f71v,"f71v.7,&Lz",otaiin,2
f71v,"f71v.8,&Lz",okaraiin,1
f71v,"f71v.9,&Lz",okar,5
f71v,"f71v.9,&Lz",ar,16
f71v,"f71v.9,&Lz",aly,4
f71v,"f71v.10,&Lz",opalar,1
f71v,"f71v.10,&Lz",am,8
f71v,"f71v.10,&Lz",da!n,1
f71v,"f71v.11,&Lz",opalor,1
f71v,"f71v.11,&Lz",ar,16
f71v,f71v.13,ofacfom,1
f71v,"f71v.14,&Lz",otalody,1
f71v,"f71v.15,&Lz",otalaiin,1
f71v,"f71v.16,&Lz",otar,2
f71v,"f71v.16,&Lz",shor,2
f71v,"f71v.17,&Lz",sholshdy,1
f72r1,f72r1.2,oshodody,1
f72r1,"f72r1.3,&Lz",chdaiir!sainy,1
f72r1,"f72r1.4,&Lz",oaiin,1
f72r1,"f72r1.4,&Lz",ar,16
f72r1,"f72r1.4,&Lz",ary,5
f72r1,"f72r1.5,&Lz",okalam,1
f72r1,"f72r1.6,&Lz",ytal,2
f72r1,"f72r1.6,&Lz",shda,1
f72r1,"f72r1.7,&Lz",char,3
f72r1,"f72r1.7,&Lz",al!f,1
f72r1,"f72r1.8,&Lz",otaraldy,1
f72r1,"f72r1.9,&Lz",otaiin,2
f72r1,"f72r1.9,&Lz",otain,1
f72r1,"f72r1.10,&Lz",otalef,1
f72r1,"f72r1.10,&Lz",as,2
f72r1,"f72r1.10,&Lz",ainam,1
f72r1,"f72r1.11,&Lz",ochol,2
f72r1,"f72r1.11,&Lz",charam,1
f72r1,f72r1.13,ofaralar,1
f72r1,"f72r1.14,&Lz",otchoshy,1
f72r1,"f72r1.15,&Lz",otchdal,1
f72r1,"f72r1.16,&Lz",okeey,6
f72r1,"f72r1.16,&Lz",ary,5
f72r1,"f72r1.17,&Lz",otainy,1
f72r2,f72r2.1,ofchdady,1
f72r2,"f72r2.2,&Lz",oklairdy,1
f72r2,"f72r2.3,&Lz",okaram,2
f72r2,"f72r2.4,&Lz",okairy,1
f72r2,"f72r2.5,&Lz",okeolar,1
f72r2,f72r2.7,otar!aldy,1
f72r2,"f72r2.8,&Lz",okalar,1
f72r2,"f72r2.9,&Lz",okal,5
f72r2,"f72r2.10,&Lz",okaly,4
f72r2,"f72r2.11,&Lz",okal,5
f72r2,"f72r2.12,&Lz",okeey,6
f72r2,"f72r2.12,&Lz",ary,5
f72r2,"f72r2.13,&Lz",oteeary,1
f72r2,"f72r2.14,&Lz",otair,2
f72r2,"f72r2.14,&Lz",dy,13
f72r2,"f72r2.15,&Lz",okair!cham,1
f72r2,"f72r2.16,&Lz",okeal,2
f72r2,"f72r2.17,&Lz",otarar,1
f72r2,"f72r2.18,&Lz",okaly,4
f72r2,"f72r2.19,&Lz",orary,1
f72r2,"f72r2.20,&Lz",okyd,1
f72r2,"f72r2.21,&Lz",otolam,2
f72r2,f72r2.23,otal,7
f72r2,"f72r2.24,&Lz",salal,1
f72r2,"f72r2.25,&Lz",okam,2
f72r2,"f72r2.26,&Lz",otalshy,1
f72r2,"f72r2.27,&Lz",okal!dy,1
f72r2,"f72r2.28,&Lz",chosar,1
f72r2,"f72r2.29,&Lz",otam,1
f72r2,"f72r2.30,&Lz",ainaly,1
f72r2,"f72r2.31,&Lz",okar,5
f72r2,"f72r2.31,&Lz",cham,1
f72r3,"f72r3.13,&Lz",ykolairol,1
f72r3,f72r3.2,olkalaiin,1
f72r3,"f72r3.3,&Lz",olalsy,1
f72r3,"f72r3.4,&Lz",or,7
f72r3,"f72r3.4,&Lz",aiin,8
f72r3,"f72r3.4,&Lz",am,8
f72r3,"f72r3.5,&Lz",os,3
f72r3,"f72r3.5,&Lz",as,2
f72r3,"f72r3.5,&Lz",sheeen,1
f72r3,"f72r3.6,&Lz",otos!aiin,1
f72r3,"f72r3.7,&Lz",opoiisooin,1
f72r3,"f72r3.7,&Lz",al,8
f72r3,"f72r3.7,&Lz",aes,1
f72r3,"f72r3.8,&Lz",ypaiin,2
f72r3,"f72r3.8,&Lz",aloly,2
f72r3,"f72r3.9,&Lz",oteey,5
f72r3,"f72r3.9,&Lz",daiin,14
f72r3,"f72r3.10,&Lz",oeeeodaiin,1
f72r3,"f72r3.11,&Lz",ofsholdy,1
f72r3,"f72r3.12,&Lz",opoeey,1
f72r3,"f72r3.12,&Lz",okaiin,3
f72r3,"f72r3.25,&Lz",olfsheoral,1
f72r3,f72r3.15,or,7
f72r3,f72r3.15,alkam,1
f72r3,"f72r3.16,&Lz",ytairal,1
f72r3,"f72r3.17,&Lz",oeees,3
f72r3,"f72r3.17,&Lz",aiin,8
f72r3,"f72r3.18,&Lz",ory,1
f72r3,"f72r3.19,&Lz",ochey,1
f72r3,"f72r3.19,&Lz",fydy,1
f72r3,"f72r3.20,&Lz",ofais,1
f72r3,"f72r3.20,&Lz",o,3
f72r3,"f72r3.20,&Lz",s!eesaly,1
f72r3,"f72r3.21,&Lz",ykairaiin,1
f72r3,"f72r3.21,&Lz",oiral,1
f72r3,"f72r3.22,&Lz",okala!r,1
f72r3,"f72r3.23,&Lz",orara,1
f72r3,"f72r3.24,&Lz",oeaiin,1
f72r3,"f72r3.24,&Lz",olaikhy,1
f72r3,"f72r3.33,&Lz",oletal,1
f72r3,f72r3.27,opalal,1
f72r3,"f72r3.28,&Lz",yfary,1
f72r3,"f72r3.29,&Lz",osaiisal,1
f72r3,"f72r3.30,&Lz",ytoar,1
f72r3,"f72r3.30,&Lz",shor,2
f72r3,"f72r3.31,&Lz",octho,1
f72r3,"f72r3.32,&Lz",oral,1
f72v3,"f72v3.19,&Lz",ok?olo<!fold>,1
f72v3,f72v3.2,ogeom,1
f72v3,"f72v3.3,&Lz",oreeey,1
f72v3,"f72v3.4,&Lz",okam,2
f72v3,"f72v3.5,&Lz",okey,2
f72v3,"f72v3.6,&Lz",oteeeody,1
f72v3,"f72v3.7,&Lz",okyeeshy,1
f72v3,"f72v3.8,&Lz",ofaiin,1
f72v3,"f72v3.9,&Lz",okoly,2
f72v3,"f72v3.10,&Lz",otoly,3
f72v3,"f72v3.11,&Lz",ofalals,1
f72v3,"f72v3.12,&Lz",reeeos,1
f72v3,"f72v3.12,&Lz",ocfhey,1
f72v3,"f72v3.13,&Lz",daiin,14
f72v3,"f72v3.13,&Lz",chcpy,1
f72v3,"f72v3.14,&Lz",oteey,5
f72v3,"f72v3.14,&Lz",dchyr,1
f72v3,"f72v3.15,&Lz",cheolpy,1
f72v3,"f72v3.16,&Lz",okeeol,1
f72v3,"f72v3.17,&Lz",okaly,4
f72v3,"f72v3.18,&Lz",okaldy,1
f72v3,"f72v3.32,&Lz",otoly,3
f72v3,"f72v3.32,&Lz",yty,1
f72v3,f72v3.21,sholeey,1
f72v3,"f72v3.22,&Lz",oky,6
f72v3,"f72v3.23,&Lz",chcthhy,2
f72v3,"f72v3.24,&Lz",loly,1
f72v3,"f72v3.25,&Lz",oeemy,1
f72v3,"f72v3.26,&Lz",odair,1
f72v3,"f72v3.26,&Lz",an,1
f72v3,"f72v3.27,&Lz",okary,2
f72v3,"f72v3.28,&Lz",oecs,1
f72v3,"f72v3.28,&Lz",aiin,8
f72v3,"f72v3.29,&Lz",oteesod,1
f72v3,"f72v3.30,&Lz",epal,1
f72v3,"f72v3.31,&Lz",otaly,4
f72v2,f72v2.2,oeedey,1
f72v2,"f72v2.3,&Lz",oeeo,1
f72v2,"f72v2.3,&Lz",daiin,14
f72v2,"f72v2.4,&Lz",okeoram,1
f72v2,"f72v2.5,&Lz",air!olm,1
f72v2,"f72v2.6,&Lz",oshesy,1
f72v2,"f72v2.7,&Lz",okeory,1
f72v2,"f72v2.8,&Lz",cheoekcy,1
f72v2,"f72v2.9,&Lz",eeoeety,1
f72v2,"f72v2.10,&Lz",sheoeky,1
f72v2,"f72v2.11,&Lz",oteodar,1
f72v2,"f72v2.12,&Lz",ofchdy!sd,1
f72v2,"f72v2.13,&Lz",o!eeod,1
f72v2,"f72v2.14,&Lz",yteody,3
f72v2,"f72v2.15,&Lz",okeody,7
f72v2,"f72v2.16,&Lz",okeoldy,1
f72v2,"f72v2.17,&Lz",ykeeol,1
f72v2,"f72v2.18,&Lz",opaiin!ar,1
f72v2,"f72v2.19,&Lz",eeeoloy,1
f72v2,f72v2.21,okaiin,3
f72v2,"f72v2.22,&Lz",oekeol,1
f72v2,"f72v2.23,&Lz",oeedy,1
f72v2,"f72v2.24,&Lz",opalg,1
f72v2,"f72v2.25,&Lz",okeeom,1
f72v2,"f72v2.26,&Lz",olkar,1
f72v2,"f72v2.27,&Lz",oeedaly,1
f72v2,"f72v2.28,&Lz",cheos,1
f72v2,"f72v2.28,&Lz",sh?s,1
f72v2,"f72v2.29,&Lz",ofc!hea!y,1
f72v2,"f72v2.30,&Lz",yteedy,1
f72v2,"f72v2.31,&Lz",oraiin,1
f72v2,"f72v2.32,&Lz",okeo,3
f72v2,"f72v2.32,&Lz",rar,2
f72v1,f72v1.2,oeeoty,1
f72v1,"f72v1.3,&Lz",octhy,1
f72v1,"f72v1.4,&Lz",oteoly,1
f72v1,"f72v1.5,&Lz",okeoly,2
f72v1,"f72v1.6,&Lz",oeees,3
f72v1,"f72v1.7,&Lz",ocf<!@F>shy,1
f72v1,"f72v1.8,&Lz",oees,1
f72v1,"f72v1.9,&Lz",okeeoly,1
f72v1,"f72v1.10,&Lz",odal,1
f72v1,"f72v1.11,&Lz",aiinod,1
f72v1,"f72v1.12,&Lz",odody,1
f72v1,"f72v1.13,&Lz",oteod,1
f72v1,"f72v1.14,&Lz",yteod,1
f72v1,"f72v1.15,&Lz",okchedy,1
f72v1,"f72v1.16,&Lz",okyl,1
f72v1,"f72v1.17,&Lz",ytaly,1
f72v1,"f72v1.18,&Lz",ocheos,1
f72v1,"f72v1.19,&Lz",oteofy,1
f72v1,"f72v1.20,&Lz",cheoepy,1
f72v1,"f72v1.21,&Lz",ykee!dy,1
f72v1,f72v1.23,oeeoly,1
f72v1,"f72v1.24,&Lz",okady,1
f72v1,"f72v1.25,&Lz",okeey,6
f72v1,"f72v1.26,&Lz",oiiny,1
f72v1,"f72v1.27,&Lz",oeey,1
f72v1,"f72v1.28,&Lz",okedy,2
f72v1,"f72v1.29,&Lz",ypain,1
f72v1,"f72v1.30,&Lz",okalair,1
f72v1,"f72v1.31,&Lz",oeeody,1
f72v1,"f72v1.32,&Lz",okeol,4
f73r,f73r.1,otoly,3
f73r,"f73r.2,&Lz",chockhy,1
f73r,"f73r.3,&Lz",okedy,2
f73r,"f73r.4,&Lz",yteeody,1
f73r,"f73r.21,&Lz",otey,2
f73r,f73r.6,otaly,4
f73r,"f73r.7,&Lz",okeody,7
f73r,"f73r.8,&Lz",oteedyl,1
f73r,"f73r.9,&Lz",okesdy,1
f73r,"f73r.10,&Lz",okery,1
f73r,"f73r.11,&Lz",oksedy,1
f73r,"f73r.12,&Lz",ykeeory,1
f73r,"f73r.13,&Lz",oteeosy,1
f73r,"f73r.14,&Lz",shekal,1
f73r,"f73r.15,&Lz",oteedyg,1
f73r,"f73r.16,&Lz",okedal,1
f73r,"f73r.17,&Lz",chdy,4
f73r,"f73r.18,&Lz",dalshey,1
f73r,"f73r.19,&Lz",opaiin,1
f73r,"f73r.20,&Lz",okeos,4
f73r,"f73r.32,&Lz",okeos,4
f73r,f73r.23,okary,2
f73r,"f73r.24,&Lz",ot?!ad,1
f73r,"f73r.25,&Lz",oota!dy,1
f73r,"f73r.26,&Lz",oky,6
f73r,"f73r.27,&Lz",chefy,1
f73r,"f73r.28,&Lz",otal,7
f73r,"f73r.29,&Lz",shek,1
f73r,"f73r.30,&Lz",ar,16
f73r,"f73r.31,&Lz",kar,1
f73v,f73v.1,okol,3
f73v,"f73v.2,&Lz",oteody,3
f73v,"f73v.3,&Lz",oteody,3
f73v,"f73v.4,&Lz",cheody,3
f73v,f73v.6,okeody,7
f73v,"f73v.7,&Lz",sheol,1
f73v,"f73v.8,&Lz",odees,1
f73v,"f73v.9,&Lz",ecsy,1
f73v,"f73v.10,&Lz",ykeor,1
f73v,"f73v.11,&Lz",opals,1
f73v,"f73v.12,&Lz",ykeody,3
f73v,"f73v.13,&Lz",okeody,7
f73v,"f73v.14,&Lz",ypaiin,2
f73v,"f73v.15,&Lz",yfaiin,1
f73v,"f73v.15,&Lz",y,4
f73v,"f73v.16,&Lz",ofcheesy,1
f73v,"f73v.17,&Lz",oraiiny,1
f73v,"f73v.18,&Lz",ykeeody,2
f73v,"f73v.19,&Lz",okeos,4
f73v,"f73v.20,&Lz",ykeear,1
f73v,"f73v.21,&Lz",qokeoly,1
f73v,"f73v.24,&Lz",ched,1
f73v,"f73v.25,&Lz",oky,6
f73v,"f73v.26,&Lz",oi!air,1
f73v,"f73v.27,&Lz",okal,5
f73v,"f73v.28,&Lz",ykey,2
f73v,"f73v.29,&Lz",ykeeo,1
f73v,"f73v.30,&Lz",okeod,4
f73v,"f73v.31,&Lz",ykey,2
f73v,"f73v.32,&Lz",ypal,1
f73v,f73v.23,otedy,2
