word,count,status
qokeedy,301,Unknown
qokedy,263,Unknown
okaiin,205,Unknown
s,186,Unknown
qokal,182,Unknown
dain,181,Unknown
otedy,159,Unknown
qol,146,Unknown
okain,137,Unknown
otal,135,Unknown
okar,129,Unknown
saiin,128,Unknown
okedy,120,Unknown
qokol,103,Unknown
r,85,Unknown
otol,82,Unknown
chcthy,77,Generic
o,76,Unknown
air,74,Unknown
raiin,73,Unknown
dor,70,Unknown
qokchy,67,Unknown
sain,64,Unknown
kaiin,64,Unknown
sol,63,Unknown
cheo,63,Unknown
odaiin,61,Unknown
cho,60,Unknown
cheedy,59,Unknown
cthol,55,Generic
l,55,Unknown
keedy,53,Unknown
qokeol,49,Unknown
sal,49,Unknown
oly,46,Unknown
kain,46,Unknown
daiinplant,43,Unknown
lor,42,Generic
qodaiin,41,Unknown
tedy,41,Unknown
oteody,38,Unknown
oraiin,37,Unknown
d,37,Unknown
ches,36,Generic
chos,35,Unknown
okor,34,Unknown
ykar,33,Unknown
oiin,32,Unknown
chckhey,30,Generic
chedar,30,Generic
label,30,Unknown
aly,28,Generic
lkedy,28,Unknown
qotor,28,Unknown
yteedy,27,Unknown
otchdy,27,Unknown
dchy,27,Unknown
qokeeey,26,Unknown
orain,26,Unknown
okeeey,26,Unknown
ykeedy,26,Unknown
rain,26,Unknown
kor,25,Unknown
okam,25,Unknown
olkedy,25,Unknown
yteey,25,Unknown
dchedy,25,Unknown
daly,25,Generic
odar,24,Unknown
qotchedy,24,Unknown
okchdy,24,Unknown
oaiin,23,Unknown
qokeeo,23,Unknown
ycheey,23,Unknown
qotey,23,Unknown
aiir,23,Unknown
ary,23,Generic
qor,23,Unknown
yty,23,Unknown
okeor,22,Unknown
rar,22,Unknown
qokam,22,Unknown
okair,22,Unknown
daiir,22,Unknown
qoaiin,22,Unknown
olky,22,Generic
tchy,22,Unknown
qokeor,21,Unknown
kchedy,21,Unknown
ytedy,21,Unknown
om,21,Unknown
okaly,20,Generic
olshedy,20,Unknown
qoeedy,20,Unknown
teey,20,Unknown
shecthy,20,Unknown
dary,20,Generic
dchol,20,Unknown
ytchy,19,Unknown
sheal,19,Unknown
otaly,19,Generic
chedain,19,Unknown
rol,19,Unknown
olkar,19,Unknown
qotchey,19,Unknown
splant,19,Unknown
tal,19,Unknown
ory,18,Unknown
qockhy,18,Unknown
qockhey,18,Unknown
lshey,18,Unknown
shed,18,Unknown
dl,18,Unknown
chdal,18,Unknown
yky,18,Generic
okeeol,17,Unknown
okody,17,Unknown
sheos,17,Unknown
qokair,17,Unknown
oar,17,Unknown
chocthy,17,Unknown
qody,17,Unknown
lky,17,Unknown
chky,17,Unknown
cham,17,Generic
ytal,17,Unknown
ror,16,Unknown
cheeo,16,Unknown
lkchedy,16,Unknown
kchdy,16,Unknown
cthyplant,16,Unknown
dyplant,16,Unknown
orol,15,Unknown
teol,15,Unknown
qoeey,15,Unknown
sy,15,Generic
ycheo,15,Unknown
okeo,15,Unknown
okeeo,15,Unknown
qokeed,15,Unknown
tain,15,Unknown
qopchdy,15,Unknown
ral,15,Unknown
tchdy,15,Unknown
odal,15,Unknown
olol,15,Unknown
daiiin,14,Unknown
ycheol,14,Unknown
ykeody,14,Unknown
ychey,14,Unknown
dshey,14,Unknown
okeeody,14,Unknown
shal,14,Unknown
chokaiin,14,Unknown
aral,14,Unknown
kair,14,Unknown
otedar,14,Unknown
qotchor,14,Unknown
qokeeody,13,Unknown
choy,13,Generic
shee,13,Unknown
keeol,13,Unknown
ykeol,13,Unknown
do,13,Unknown
qokechy,13,Unknown
sheeky,13,Unknown
lcheey,13,Unknown
shedaiin,13,Unknown
chckhdy,13,Unknown
yteody,13,Unknown
teedy,13,Unknown
chkal,13,Unknown
qotchol,13,Unknown
cphy,13,Unknown
dalplant,13,Unknown
shes,13,Unknown
qoteody,12,Unknown
shocthy,12,Unknown
ockhy,12,Generic
olkey,12,Generic
shky,12,Unknown
ychedy,12,Unknown
yshey,12,Unknown
oteeo,12,Unknown
otody,12,Unknown
chekal,12,Unknown
ry,12,Unknown
aldy,12,Unknown
chkain,12,Unknown
dcheey,12,Unknown
rchedy,12,Unknown
qokeeol,11,Unknown
ykeeol,11,Unknown
okeeor,11,Unknown
oain,11,Unknown
pchdy,11,Unknown
lr,11,Unknown
okeal,11,Unknown
ot,11,Unknown
oral,11,Unknown
lo,11,Unknown
olshey,11,Unknown
fchedy,11,Unknown
qoar,11,Unknown
arol,11,Unknown
qotam,11,Unknown
qodain,11,Unknown
pchedar,11,Unknown
keeey,11,Unknown
chcphy,11,Unknown
olar,11,Unknown
chotar,11,Unknown
qopchy,11,Unknown
chkar,11,Unknown
chckhedy,11,Unknown
shckhey,11,Unknown
qokshedy,11,Unknown
qolchey,11,Unknown
ykor,11,Generic
ykeeody,11,Unknown
olfigure,11,Unknown
sheod,10,Unknown
cheockhy,10,Unknown
chokeey,10,Unknown
keor,10,Unknown
shedain,10,Unknown
qokshy,10,Unknown
qopchey,10,Unknown
ro,10,Unknown
ytchedy,10,Unknown
shod,10,Unknown
qotody,10,Unknown
oiiin,10,Unknown
olkal,10,Unknown
g,10,Unknown
qokeeor,10,Unknown
chdam,10,Unknown
oteo,10,Unknown
oteeody,10,Unknown
ykain,10,Unknown
shedal,10,Unknown
okary,10,Unknown
oko,10,Unknown
ytchey,10,Generic
otoldy,10,Unknown
damplant,10,Unknown
k,10,Unknown
qolchedy,10,Unknown
ly,9,Unknown
keeo,9,Unknown
ycheor,9,Unknown
qok,9,Unknown
sam,9,Unknown
shek,9,Unknown
shety,9,Unknown
choldy,9,Unknown
tshey,9,Unknown
lcheedy,9,Unknown
olkeeey,9,Unknown
araiin,9,Unknown
olkam,9,Unknown
yteeody,9,Unknown
alol,9,Unknown
qokl,9,Unknown
ysheey,9,Unknown
okeeedy,9,Unknown
qoko,9,Unknown
ls,9,Unknown
oteeol,9,Unknown
oees,9,Unknown
lkl,9,Unknown
shees,9,Generic
dsheol,9,Unknown
ytchdy,9,Unknown
cheoky,9,Unknown
chotal,9,Unknown
okedal,9,Unknown
m,9,Unknown
chdain,9,Unknown
shokchy,9,Unknown
todaiin,9,Unknown
okos,9,Unknown
otcho,9,Generic
rchey,9,Unknown
sheeo,8,Unknown
dchdy,8,Unknown
ycheeo,8,Unknown
orar,8,Unknown
qoor,8,Unknown
okshey,8,Unknown
kam,8,Unknown
polaiin,8,Unknown
ytol,8,Generic
keeody,8,Unknown
doiir,8,Generic
pchol,8,Unknown
osaiin,8,Unknown
teody,8,Unknown
oeees,8,Unknown
lsheey,8,Unknown
cheeey,8,Unknown
qokan,8,Unknown
arar,8,Unknown
qokshey,8,Unknown
octhy,8,Unknown
oteeey,8,Unknown
chdor,8,Unknown
dsheey,8,Unknown
ochedy,8,Unknown
paiin,8,Unknown
cphedy,8,Unknown
qofchedy,8,Unknown
oteed,8,Unknown
tshedy,8,Unknown
lcheol,8,Unknown
lkeeey,8,Unknown
qokaldy,8,Unknown
eees,8,Unknown
qokedar,8,Unknown
ochey,8,Unknown
eeedy,8,Unknown
chr,8,Generic
oteodaiin,8,Unknown
sheaiin,8,Unknown
shain,8,Unknown
lkchey,8,Unknown
opy,8,Unknown
olchdy,8,Unknown
chd,8,Unknown
tchody,8,Unknown
dainplant,8,Unknown
dshy,8,Unknown
darplant,8,Unknown
aiinplant,8,Unknown
shoky,8,Unknown
chekaiin,8,Unknown
ytody,8,Unknown
okalar,8,Unknown
dyfigure,8,Unknown
qockhol,7,Unknown
olcheol,7,Unknown
odor,7,Unknown
otaldy,7,Unknown
oldaiin,7,Unknown
qokeo,7,Unknown
ockhey,7,Unknown
tody,7,Unknown
qoeeey,7,Unknown
chepy,7,Unknown
oshey,7,Unknown
shedar,7,Unknown
olkeol,7,Unknown
okedar,7,Unknown
sheety,7,Unknown
qoain,7,Unknown
chokar,7,Unknown
olkeeody,7,Unknown
chcthedy,7,Unknown
daram,7,Unknown
cheodain,7,Unknown
qodal,7,Unknown
cheodal,7,Unknown
ycheedy,7,Unknown
chcthhy,7,Unknown
okcheey,7,Unknown
cheeos,7,Unknown
dcheol,7,Unknown
qoked,7,Unknown
lal,7,Unknown
oteodar,7,Unknown
ykeeo,7,Unknown
schedy,7,Unknown
chodal,7,Unknown
oeedy,7,Unknown
lkey,7,Unknown
olal,7,Unknown
ofchedy,7,Unknown
ltedy,7,Unknown
ykchedy,7,Unknown
choteey,7,Unknown
shcthey,7,Unknown
alor,7,Unknown
alar,7,Unknown
chcthdy,7,Unknown
dalol,7,Unknown
qolkeedy,7,Unknown
tcho,7,Unknown
chotchy,7,Unknown
deey,7,Unknown
ykey,7,Unknown
qokees,7,Unknown
okaldy,7,Unknown
otshey,7,Unknown
okeeos,6,Unknown
yaiin,6,Unknown
chekeey,6,Unknown
chocthey,6,Generic
yteol,6,Unknown
plant,6,Unknown
ctheody,6,Unknown
dcheo,6,Unknown
okear,6,Unknown
pcheody,6,Unknown
ctheor,6,Unknown
shekeey,6,Unknown
qokeechy,6,Unknown
opcheol,6,Unknown
polchedy,6,Unknown
qochey,6,Unknown
sheeey,6,Unknown
sheed,6,Unknown
okechy,6,Unknown
oteal,6,Unknown
choaiin,6,Unknown
kshedy,6,Unknown
shd,6,Unknown
olkchedy,6,Unknown
qopaiin,6,Unknown
qotair,6,Unknown
qokoiin,6,Unknown
ockhedy,6,Unknown
chedam,6,Unknown
lchal,6,Unknown
ykair,6,Unknown
alkam,6,Unknown
okaiir,6,Unknown
otedaiin,6,Unknown
ysheedy,6,Unknown
olr,6,Unknown
okoldy,6,Unknown
okchd,6,Unknown
aror,6,Unknown
okalal,6,Unknown
lar,6,Unknown
lkam,6,Unknown
lam,6,Unknown
qoteeody,6,Unknown
tcheol,6,Unknown
qocthy,6,Unknown
alkain,6,Unknown
qokear,6,Unknown
an,6,Unknown
dalam,6,Unknown
raraiin,6,Unknown
qolkeey,6,Unknown
chtal,6,Unknown
qokeedar,6,Unknown
rair,6,Unknown
cthdy,6,Unknown
cfhy,6,Generic
shoiin,6,Unknown
chetar,6,Unknown
ykeeey,6,Unknown
chcthey,6,Unknown
qopol,6,Unknown
ety,6,Unknown
lpchedy,6,Unknown
tcheody,6,Unknown
lchor,6,Unknown
solchedy,6,Unknown
lsheedy,6,Unknown
olchy,6,Unknown
okom,6,Generic
daiidy,6,Unknown
soiiin,6,Unknown
qopchol,6,Unknown
tshol,6,Unknown
cfhol,6,Unknown
shoty,6,Unknown
da,6,Unknown
otchody,6,Unknown
chotol,6,Unknown
danplant,6,Unknown
dplant,6,Unknown
cthal,6,Generic
ykcho,6,Unknown
qopy,6,Unknown
sos,6,Unknown
ypchdy,6,Unknown
ees,6,Unknown
ofaiin,6,Unknown
kshey,6,Unknown
f,6,Unknown
x,6,Unknown
rshedy,6,Unknown
ch,5,Generic
cholody,5,Generic
chokeol,5,Generic
teeol,5,Generic
ypchey,5,Unknown
okeod,5,Unknown
kcheol,5,Unknown
kody,5,Unknown
shockhy,5,Generic
qool,5,Generic
ksheody,5,Generic
qoteor,5,Generic
ok,5,Generic
pchedal,5,Unknown
shekain,5,Generic
