Sign,ZodiacPage,Word,HerbalPage,Count,IsLabel,Type
Pisces,f70r1,okchy,f56r,1,True,Label
Pisces,f70r1,okchy,f45v,1,True,Label
Pisces,f70r1,okchy,f20v,1,True,Label
Pisces,f70r1,okchy,f22r,2,False,HighFreq
Pisces,f70r1,o,f38v,1,True,Label
Pisces,f70r1,o,f49v,3,True,Label
Pisces,f70r1,o,f54r,2,True,Label
Pisces,f70r1,o,f57v,7,True,Label
Pisces,f70r1,o,f31v,2,False,HighFreq
Pisces,f70r1,o,f28v,2,False,HighFreq
Pisces,f70r1,o,f49r,1,True,Label
Pisces,f70r1,o,f89r2,1,True,Label
Pisces,f70r1,o,f14r,1,True,Label
Pisces,f70r1,o,f35r,1,True,Label
Pisces,f70r1,o,f66r,6,True,Label
Pisces,f70r1,o,f40v,2,False,HighFreq
Pisces,f70r1,okeol,f102r2,3,False,HighFreq
Pisces,f70r1,okeol,f99r,6,False,HighFreq
Pisces,f70r1,okeol,f99v,4,False,HighFreq
Pisces,f70r1,okeol,f102v2,3,False,HighFreq
Pisces,f70r1,okeol,f89r2,3,False,HighFreq
Pisces,f70r1,okeol,f93r,1,True,Label
Pisces,f70r1,okeol,f100v,2,False,HighFreq
Pisces,f70r1,okeol,f17v,2,False,HighFreq
Pisces,f70r1,okeol,f101r,5,False,HighFreq
Pisces,f70r1,oteody,f88v,2,False,HighFreq
Pisces,f70r1,oteody,f48v,1,True,Label
Pisces,f70r1,otol,f32r,1,True,Label
Pisces,f70r1,otol,f53r,2,True,Label
Pisces,f70r1,otol,f5v,2,True,Label
Pisces,f70r1,otol,f44v,2,False,HighFreq
Pisces,f70r1,otol,f28v,1,True,Label
Pisces,f70r1,otol,f102v2,1,True,Label
Pisces,f70r1,otol,f1r,1,True,Label
Pisces,f70r1,otol,f29v,1,True,Label
Pisces,f70r1,otcho,f96r,1,True,Label
Pisces,f70r1,otcho,f15r,1,True,Label
Pisces,f70r1,otcho,f32r,1,True,Label
Pisces,f70r1,otcho,f14r,1,True,Label
Pisces,f70r1,okeody,f102v1,2,True,Label
Pisces,f70r1,okeody,f102r2,2,False,HighFreq
Pisces,f70r1,okeody,f66r,2,False,HighFreq
Pisces,f70r1,okol,f45v,1,True,Label
Pisces,f70r1,okol,f23r,2,True,Label
Pisces,f70r1,okol,f88r,2,True,Label
Pisces,f70r1,okol,f1v,2,True,Label
Pisces,f70r1,okol,f102r2,2,True,Label
Pisces,f70r1,okol,f101v,1,True,Label
Pisces,f70r1,okol,f44v,1,True,Label
Pisces,f70r1,okol,f99v,5,False,HighFreq
Pisces,f70r1,okol,f89v1,4,False,HighFreq
Pisces,f70r1,okol,f89r2,1,True,Label
Pisces,f70r1,okol,f17v,2,False,HighFreq
Pisces,f70r1,okol,f2r,1,True,Label
Pisces,f70r1,okol,f101r,2,False,HighFreq
Pisces,f70r1,okchol,f42r,1,True,Label
Pisces,f70r1,okchol,f8v,1,True,Label
Pisces,f70r1,ol,f95v1,2,False,HighFreq
Pisces,f70r1,ol,f55v,3,False,HighFreq
Pisces,f70r1,ol,f55r,2,False,HighFreq
Pisces,f70r1,ol,f23r,3,False,HighFreq
Pisces,f70r1,ol,f88r,2,False,HighFreq
Pisces,f70r1,ol,f102v1,3,False,HighFreq
Pisces,f70r1,ol,f4v,1,True,Label
Pisces,f70r1,ol,f56v,1,True,Label
Pisces,f70r1,ol,f102r2,2,False,HighFreq
Pisces,f70r1,ol,f32r,3,False,HighFreq
Pisces,f70r1,ol,f43v,1,True,Label
Pisces,f70r1,ol,f88v,2,False,HighFreq
Pisces,f70r1,ol,f54r,5,False,HighFreq
Pisces,f70r1,ol,f3r,2,False,HighFreq
Pisces,f70r1,ol,f101v,3,False,HighFreq
Pisces,f70r1,ol,f95r1,3,True,Label
Pisces,f70r1,ol,f95r2,2,False,HighFreq
Pisces,f70r1,ol,f32v,1,True,Label
Pisces,f70r1,ol,f24r,2,False,HighFreq
Pisces,f70r1,ol,f99v,3,True,Label
Pisces,f70r1,ol,f89v1,2,False,HighFreq
Pisces,f70r1,ol,f102v2,5,False,HighFreq
Pisces,f70r1,ol,f35v,1,True,Label
Pisces,f70r1,ol,f22r,2,True,Label
Pisces,f70r1,ol,f89r2,5,False,HighFreq
Pisces,f70r1,ol,f40r,3,False,HighFreq
Pisces,f70r1,ol,f93r,2,True,Label
Pisces,f70r1,ol,f58v,3,False,HighFreq
Pisces,f70r1,ol,f41v,2,False,HighFreq
Pisces,f70r1,ol,f94v,3,True,Label
Pisces,f70r1,ol,f100v,3,False,HighFreq
Pisces,f70r1,ol,f66r,7,True,Label
Pisces,f70r1,ol,f39r,2,False,HighFreq
Pisces,f70r1,ol,f17v,4,False,HighFreq
Pisces,f70r1,ol,f40v,3,False,HighFreq
Pisces,f70r1,ol,f101r,6,False,HighFreq
Pisces,f70r1,otair,f89v2,1,True,Label
Pisces,f70r1,okes,f53r,1,True,Label
Pisces,f70r1,okeos,f102v2,1,True,Label
Pisces,f70r1,okal,f55v,2,False,HighFreq
Pisces,f70r1,okal,f55r,2,False,HighFreq
Pisces,f70r1,okal,f95v2,2,False,HighFreq
Pisces,f70r1,okal,f33r,2,False,HighFreq
Pisces,f70r1,okal,f54v,3,False,HighFreq
Pisces,f70r1,okal,f57v,2,False,HighFreq
Pisces,f70r1,okal,f95r2,2,False,HighFreq
Pisces,f70r1,okal,f25r,1,True,Label
Pisces,f70r1,okal,f58v,9,False,HighFreq
Pisces,f70r1,okal,f50v,2,False,HighFreq
Pisces,f70r1,okal,f17v,2,False,HighFreq
Pisces,f70r1,okal,f40v,2,False,HighFreq
Pisces,f70r1,ody,f101v,2,False,HighFreq
Pisces,f70r1,ody,f43r,2,False,HighFreq
Pisces,f70r1,oteey,f47v,1,True,Label
Pisces,f70r1,oteey,f94v,3,False,HighFreq
Pisces,f70r1,otar,f95v1,2,False,HighFreq
Pisces,f70r1,otar,f58r,4,False,HighFreq
Pisces,f70r1,otar,f88v,1,True,Label
Pisces,f70r1,otar,f89v1,2,False,HighFreq
Pisces,f70r1,otar,f48v,4,False,HighFreq
Pisces,f70r1,otar,f94r,1,True,Label
Pisces,f70r1,otar,f50v,2,False,HighFreq
Pisces,f70r1,oty,f95v1,2,False,HighFreq
Pisces,f70r1,oty,f9v,2,True,Label
Pisces,f70r1,oty,f46v,3,False,HighFreq
Pisces,f70r1,oty,f58r,2,False,HighFreq
Pisces,f70r1,oty,f53r,3,False,HighFreq
Pisces,f70r1,oty,f36v,3,True,Label
Pisces,f70r1,oty,f52r,3,True,Label
Pisces,f70r1,oty,f43r,3,False,HighFreq
Pisces,f70r1,oty,f22r,2,False,HighFreq
Pisces,f70r1,okeey,f53v,1,True,Label
Pisces,f70r1,okeey,f38v,2,True,Label
Pisces,f70r1,okeey,f102r2,2,False,HighFreq
Pisces,f70r1,okeey,f99r,5,False,HighFreq
Pisces,f70r1,okeey,f101v,4,False,HighFreq
Pisces,f70r1,okeey,f31v,2,False,HighFreq
Pisces,f70r1,okeey,f102v2,2,False,HighFreq
Pisces,f70r1,okeey,f89r2,3,False,HighFreq
Pisces,f70r1,okeey,f41v,2,False,HighFreq
Pisces,f70r1,okeey,f101r,5,False,HighFreq
Pisces,f70r2,oteeo,f96r,1,True,Label
Pisces,f70r2,okal,f55v,2,False,HighFreq
Pisces,f70r2,okal,f55r,2,False,HighFreq
Pisces,f70r2,okal,f95v2,2,False,HighFreq
Pisces,f70r2,okal,f33r,2,False,HighFreq
Pisces,f70r2,okal,f54v,3,False,HighFreq
Pisces,f70r2,okal,f57v,2,False,HighFreq
Pisces,f70r2,okal,f95r2,2,False,HighFreq
Pisces,f70r2,okal,f25r,1,True,Label
Pisces,f70r2,okal,f58v,9,False,HighFreq
Pisces,f70r2,okal,f50v,2,False,HighFreq
Pisces,f70r2,okal,f17v,2,False,HighFreq
Pisces,f70r2,okal,f40v,2,False,HighFreq
Pisces,f70r2,okeey,f53v,1,True,Label
Pisces,f70r2,okeey,f38v,2,True,Label
Pisces,f70r2,okeey,f102r2,2,False,HighFreq
Pisces,f70r2,okeey,f99r,5,False,HighFreq
Pisces,f70r2,okeey,f101v,4,False,HighFreq
Pisces,f70r2,okeey,f31v,2,False,HighFreq
Pisces,f70r2,okeey,f102v2,2,False,HighFreq
Pisces,f70r2,okeey,f89r2,3,False,HighFreq
Pisces,f70r2,okeey,f41v,2,False,HighFreq
Pisces,f70r2,okeey,f101r,5,False,HighFreq
Pisces,f70r2,shokeey,f47r,1,True,Label
Pisces,f70r2,otchey,f56r,1,True,Label
Pisces,f70r2,otchey,f30v,1,True,Label
Pisces,f70r2,otchey,f54r,2,False,HighFreq
Pisces,f70r2,otal,f95v1,2,True,Label
Pisces,f70r2,otal,f58r,4,False,HighFreq
Pisces,f70r2,otal,f99v,1,True,Label
Pisces,f70r2,otal,f66v,2,False,HighFreq
Pisces,f70r2,otal,f58v,5,False,HighFreq
Pisces,f70r2,kshody,f5r,1,True,Label
Pisces,f70r2,kshody,f37v,1,True,Label
Pisces,f70r2,okol,f45v,1,True,Label
Pisces,f70r2,okol,f23r,2,True,Label
Pisces,f70r2,okol,f88r,2,True,Label
Pisces,f70r2,okol,f1v,2,True,Label
Pisces,f70r2,okol,f102r2,2,True,Label
Pisces,f70r2,okol,f101v,1,True,Label
Pisces,f70r2,okol,f44v,1,True,Label
Pisces,f70r2,okol,f99v,5,False,HighFreq
Pisces,f70r2,okol,f89v1,4,False,HighFreq
Pisces,f70r2,okol,f89r2,1,True,Label
Pisces,f70r2,okol,f17v,2,False,HighFreq
Pisces,f70r2,okol,f2r,1,True,Label
Pisces,f70r2,okol,f101r,2,False,HighFreq
Pisces,f70r2,oar,f58r,1,True,Label
Pisces,f70r2,ol,f95v1,2,False,HighFreq
Pisces,f70r2,ol,f55v,3,False,HighFreq
Pisces,f70r2,ol,f55r,2,False,HighFreq
Pisces,f70r2,ol,f23r,3,False,HighFreq
Pisces,f70r2,ol,f88r,2,False,HighFreq
Pisces,f70r2,ol,f102v1,3,False,HighFreq
Pisces,f70r2,ol,f4v,1,True,Label
Pisces,f70r2,ol,f56v,1,True,Label
Pisces,f70r2,ol,f102r2,2,False,HighFreq
Pisces,f70r2,ol,f32r,3,False,HighFreq
Pisces,f70r2,ol,f43v,1,True,Label
Pisces,f70r2,ol,f88v,2,False,HighFreq
Pisces,f70r2,ol,f54r,5,False,HighFreq
Pisces,f70r2,ol,f3r,2,False,HighFreq
Pisces,f70r2,ol,f101v,3,False,HighFreq
Pisces,f70r2,ol,f95r1,3,True,Label
Pisces,f70r2,ol,f95r2,2,False,HighFreq
Pisces,f70r2,ol,f32v,1,True,Label
Pisces,f70r2,ol,f24r,2,False,HighFreq
Pisces,f70r2,ol,f99v,3,True,Label
Pisces,f70r2,ol,f89v1,2,False,HighFreq
Pisces,f70r2,ol,f102v2,5,False,HighFreq
Pisces,f70r2,ol,f35v,1,True,Label
Pisces,f70r2,ol,f22r,2,True,Label
Pisces,f70r2,ol,f89r2,5,False,HighFreq
Pisces,f70r2,ol,f40r,3,False,HighFreq
Pisces,f70r2,ol,f93r,2,True,Label
Pisces,f70r2,ol,f58v,3,False,HighFreq
Pisces,f70r2,ol,f41v,2,False,HighFreq
Pisces,f70r2,ol,f94v,3,True,Label
Pisces,f70r2,ol,f100v,3,False,HighFreq
Pisces,f70r2,ol,f66r,7,True,Label
Pisces,f70r2,ol,f39r,2,False,HighFreq
Pisces,f70r2,ol,f17v,4,False,HighFreq
Pisces,f70r2,ol,f40v,3,False,HighFreq
Pisces,f70r2,ol,f101r,6,False,HighFreq
Pisces,f70r2,oteol,f100r,1,True,Label
Pisces,f70r2,oteol,f3r,1,True,Label
Pisces,f70r2,oteol,f99v,1,True,Label
Pisces,f70r2,oteol,f34r,1,True,Label
Pisces,f70r2,oteol,f39r,1,True,Label
Pisces,f70r2,oteol,f101r,2,False,HighFreq
Pisces,f70r2,okar,f55v,2,True,Label
Pisces,f70r2,okar,f55r,3,False,HighFreq
Pisces,f70r2,okar,f23r,1,True,Label
Pisces,f70r2,okar,f89v2,2,False,HighFreq
Pisces,f70r2,okar,f95v2,2,False,HighFreq
Pisces,f70r2,okar,f33v,2,False,HighFreq
Pisces,f70r2,okar,f8r,1,True,Label
Pisces,f70r2,okar,f39v,2,False,HighFreq
Pisces,f70r2,okar,f95r2,2,False,HighFreq
Pisces,f70r2,okar,f50r,2,False,HighFreq
Pisces,f70r2,okar,f40r,3,False,HighFreq
Pisces,f70r2,okar,f48v,2,False,HighFreq
Pisces,f70r2,okar,f58v,4,True,Label
Pisces,f70r2,okar,f40v,3,False,HighFreq
Pisces,f70r2,okechy,f99v,1,True,Label
Pisces,f70r2,oteody,f88v,2,False,HighFreq
Pisces,f70r2,oteody,f48v,1,True,Label
Pisces,f70r2,otol,f32r,1,True,Label
Pisces,f70r2,otol,f53r,2,True,Label
Pisces,f70r2,otol,f5v,2,True,Label
Pisces,f70r2,otol,f44v,2,False,HighFreq
Pisces,f70r2,otol,f28v,1,True,Label
Pisces,f70r2,otol,f102v2,1,True,Label
Pisces,f70r2,otol,f1r,1,True,Label
Pisces,f70r2,otol,f29v,1,True,Label
Pisces,f70r2,okaiin,f55v,2,False,HighFreq
Pisces,f70r2,okaiin,f55r,2,False,HighFreq
Pisces,f70r2,okaiin,f45r,2,True,Label
Pisces,f70r2,okaiin,f36r,1,True,Label
Pisces,f70r2,okaiin,f33r,3,False,HighFreq
Pisces,f70r2,okaiin,f15r,1,True,Label
Pisces,f70r2,okaiin,f23v,2,False,HighFreq
Pisces,f70r2,okaiin,f88v,1,True,Label
Pisces,f70r2,okaiin,f36v,1,True,Label
Pisces,f70r2,okaiin,f39v,3,False,HighFreq
Pisces,f70r2,okaiin,f16v,2,False,HighFreq
Pisces,f70r2,okaiin,f89r1,1,True,Label
Pisces,f70r2,okaiin,f21r,1,True,Label
Pisces,f70r2,okaiin,f34r,2,False,HighFreq
Pisces,f70r2,okaiin,f40r,4,False,HighFreq
Pisces,f70r2,okaiin,f50v,3,False,HighFreq
Pisces,f70r2,okaiin,f29v,3,False,HighFreq
Pisces,f70r2,okaiin,f40v,4,False,HighFreq
Pisces,f70r2,oteo,f102v2,1,True,Label
Pisces,f70r2,oteedy,f66r,2,False,HighFreq
Pisces,f70r2,ody,f101v,2,False,HighFreq
Pisces,f70r2,ody,f43r,2,False,HighFreq
Pisces,f70r2,oko,f44v,1,True,Label
Pisces,f70r2,oko,f13v,1,True,Label
Pisces,f70r2,oteey,f47v,1,True,Label
Pisces,f70r2,oteey,f94v,3,False,HighFreq
Pisces,f70r2,otar,f95v1,2,False,HighFreq
Pisces,f70r2,otar,f58r,4,False,HighFreq
Pisces,f70r2,otar,f88v,1,True,Label
Pisces,f70r2,otar,f89v1,2,False,HighFreq
Pisces,f70r2,otar,f48v,4,False,HighFreq
Pisces,f70r2,otar,f94r,1,True,Label
Pisces,f70r2,otar,f50v,2,False,HighFreq
Pisces,f70r2,or,f55v,3,False,HighFreq
Pisces,f70r2,or,f90v1,2,False,HighFreq
Pisces,f70r2,or,f55r,7,False,HighFreq
Pisces,f70r2,or,f45v,2,True,Label
Pisces,f70r2,or,f96r,4,True,Label
Pisces,f70r2,or,f88r,5,False,HighFreq
Pisces,f70r2,or,f33r,3,False,HighFreq
Pisces,f70r2,or,f6r,2,True,Label
Pisces,f70r2,or,f46v,2,False,HighFreq
Pisces,f70r2,or,f6v,2,False,HighFreq
Pisces,f70r2,or,f58r,2,False,HighFreq
Pisces,f70r2,or,f3v,1,True,Label
Pisces,f70r2,or,f33v,4,False,HighFreq
Pisces,f70r2,or,f99r,2,False,HighFreq
Pisces,f70r2,or,f43v,4,False,HighFreq
Pisces,f70r2,or,f34v,3,False,HighFreq
Pisces,f70r2,or,f8r,1,True,Label
Pisces,f70r2,or,f54r,5,False,HighFreq
Pisces,f70r2,or,f54v,1,True,Label
Pisces,f70r2,or,f3r,2,False,HighFreq
Pisces,f70r2,or,f101v,7,True,Label
Pisces,f70r2,or,f39v,9,False,HighFreq
Pisces,f70r2,or,f95r1,3,False,HighFreq
Pisces,f70r2,or,f95r2,3,False,HighFreq
Pisces,f70r2,or,f32v,1,True,Label
Pisces,f70r2,or,f24r,2,True,Label
Pisces,f70r2,or,f31v,2,False,HighFreq
Pisces,f70r2,or,f10r,2,False,HighFreq
Pisces,f70r2,or,f99v,3,True,Label
Pisces,f70r2,or,f26v,3,False,HighFreq
Pisces,f70r2,or,f102v2,5,False,HighFreq
Pisces,f70r2,or,f9r,1,True,Label
Pisces,f70r2,or,f8v,1,True,Label
Pisces,f70r2,or,f34r,1,True,Label
Pisces,f70r2,or,f89r2,2,False,HighFreq
Pisces,f70r2,or,f18v,2,True,Label
Pisces,f70r2,or,f40r,3,True,Label
Pisces,f70r2,or,f48v,3,False,HighFreq
Pisces,f70r2,or,f102r1,1,True,Label
Pisces,f70r2,or,f94r,3,False,HighFreq
Pisces,f70r2,or,f58v,3,True,Label
Pisces,f70r2,or,f41v,2,False,HighFreq
Pisces,f70r2,or,f1r,3,False,HighFreq
Pisces,f70r2,or,f50v,2,False,HighFreq
Pisces,f70r2,or,f39r,2,False,HighFreq
Pisces,f70r2,or,f17v,4,False,HighFreq
Pisces,f70r2,or,f18r,1,True,Label
Pisces,f70r2,or,f19r,1,True,Label
Pisces,f70r2,or,f101r,6,False,HighFreq
Pisces,f70r2,yol,f24r,1,True,Label
Taurus,f71v,or,f55v,3,False,HighFreq
Taurus,f71v,or,f90v1,2,False,HighFreq
Taurus,f71v,or,f55r,7,False,HighFreq
Taurus,f71v,or,f45v,2,True,Label
Taurus,f71v,or,f96r,4,True,Label
Taurus,f71v,or,f88r,5,False,HighFreq
Taurus,f71v,or,f33r,3,False,HighFreq
Taurus,f71v,or,f6r,2,True,Label
Taurus,f71v,or,f46v,2,False,HighFreq
Taurus,f71v,or,f6v,2,False,HighFreq
Taurus,f71v,or,f58r,2,False,HighFreq
Taurus,f71v,or,f3v,1,True,Label
Taurus,f71v,or,f33v,4,False,HighFreq
Taurus,f71v,or,f99r,2,False,HighFreq
Taurus,f71v,or,f43v,4,False,HighFreq
Taurus,f71v,or,f34v,3,False,HighFreq
Taurus,f71v,or,f8r,1,True,Label
Taurus,f71v,or,f54r,5,False,HighFreq
Taurus,f71v,or,f54v,1,True,Label
Taurus,f71v,or,f3r,2,False,HighFreq
Taurus,f71v,or,f101v,7,True,Label
Taurus,f71v,or,f39v,9,False,HighFreq
Taurus,f71v,or,f95r1,3,False,HighFreq
Taurus,f71v,or,f95r2,3,False,HighFreq
Taurus,f71v,or,f32v,1,True,Label
Taurus,f71v,or,f24r,2,True,Label
Taurus,f71v,or,f31v,2,False,HighFreq
Taurus,f71v,or,f10r,2,False,HighFreq
Taurus,f71v,or,f99v,3,True,Label
Taurus,f71v,or,f26v,3,False,HighFreq
Taurus,f71v,or,f102v2,5,False,HighFreq
Taurus,f71v,or,f9r,1,True,Label
Taurus,f71v,or,f8v,1,True,Label
Taurus,f71v,or,f34r,1,True,Label
Taurus,f71v,or,f89r2,2,False,HighFreq
Taurus,f71v,or,f18v,2,True,Label
Taurus,f71v,or,f40r,3,True,Label
Taurus,f71v,or,f48v,3,False,HighFreq
Taurus,f71v,or,f102r1,1,True,Label
Taurus,f71v,or,f94r,3,False,HighFreq
Taurus,f71v,or,f58v,3,True,Label
Taurus,f71v,or,f41v,2,False,HighFreq
Taurus,f71v,or,f1r,3,False,HighFreq
Taurus,f71v,or,f50v,2,False,HighFreq
Taurus,f71v,or,f39r,2,False,HighFreq
Taurus,f71v,or,f17v,4,False,HighFreq
Taurus,f71v,or,f18r,1,True,Label
Taurus,f71v,or,f19r,1,True,Label
Taurus,f71v,or,f101r,6,False,HighFreq
Taurus,f71v,okar,f55v,2,True,Label
Taurus,f71v,okar,f55r,3,False,HighFreq
Taurus,f71v,okar,f23r,1,True,Label
Taurus,f71v,okar,f89v2,2,False,HighFreq
Taurus,f71v,okar,f95v2,2,False,HighFreq
Taurus,f71v,okar,f33v,2,False,HighFreq
Taurus,f71v,okar,f8r,1,True,Label
Taurus,f71v,okar,f39v,2,False,HighFreq
Taurus,f71v,okar,f95r2,2,False,HighFreq
Taurus,f71v,okar,f50r,2,False,HighFreq
Taurus,f71v,okar,f40r,3,False,HighFreq
Taurus,f71v,okar,f48v,2,False,HighFreq
Taurus,f71v,okar,f58v,4,True,Label
Taurus,f71v,okar,f40v,3,False,HighFreq
Taurus,f71v,otal,f95v1,2,True,Label
Taurus,f71v,otal,f58r,4,False,HighFreq
Taurus,f71v,otal,f99v,1,True,Label
Taurus,f71v,otal,f66v,2,False,HighFreq
Taurus,f71v,otal,f58v,5,False,HighFreq
Taurus,f71v,ochey,f56v,1,True,Label
Taurus,f71v,ochey,f5r,1,True,Label
Taurus,f71v,okaiin,f55v,2,False,HighFreq
Taurus,f71v,okaiin,f55r,2,False,HighFreq
Taurus,f71v,okaiin,f45r,2,True,Label
Taurus,f71v,okaiin,f36r,1,True,Label
Taurus,f71v,okaiin,f33r,3,False,HighFreq
Taurus,f71v,okaiin,f15r,1,True,Label
Taurus,f71v,okaiin,f23v,2,False,HighFreq
Taurus,f71v,okaiin,f88v,1,True,Label
Taurus,f71v,okaiin,f36v,1,True,Label
Taurus,f71v,okaiin,f39v,3,False,HighFreq
Taurus,f71v,okaiin,f16v,2,False,HighFreq
Taurus,f71v,okaiin,f89r1,1,True,Label
Taurus,f71v,okaiin,f21r,1,True,Label
Taurus,f71v,okaiin,f34r,2,False,HighFreq
Taurus,f71v,okaiin,f40r,4,False,HighFreq
Taurus,f71v,okaiin,f50v,3,False,HighFreq
Taurus,f71v,okaiin,f29v,3,False,HighFreq
Taurus,f71v,okaiin,f40v,4,False,HighFreq
Taurus,f71v,okol,f45v,1,True,Label
Taurus,f71v,okol,f23r,2,True,Label
Taurus,f71v,okol,f88r,2,True,Label
Taurus,f71v,okol,f1v,2,True,Label
Taurus,f71v,okol,f102r2,2,True,Label
Taurus,f71v,okol,f101v,1,True,Label
Taurus,f71v,okol,f44v,1,True,Label
Taurus,f71v,okol,f99v,5,False,HighFreq
Taurus,f71v,okol,f89v1,4,False,HighFreq
Taurus,f71v,okol,f89r2,1,True,Label
Taurus,f71v,okol,f17v,2,False,HighFreq
Taurus,f71v,okol,f2r,1,True,Label
Taurus,f71v,okol,f101r,2,False,HighFreq
Taurus,f71v,otaly,f88r,1,True,Label
Taurus,f71v,otaly,f58r,2,False,HighFreq
Taurus,f71v,otaly,f99v,1,True,Label
Taurus,f71v,okchor,f18v,1,True,Label
Taurus,f71v,okchor,f14v,2,True,Label
Taurus,f71v,okchor,f37r,1,True,Label
Taurus,f71v,otchy,f19v,1,True,Label
Taurus,f71v,otchy,f2v,1,True,Label
Taurus,f71v,otchy,f14v,2,False,HighFreq
Taurus,f71v,otchy,f13v,4,True,Label
Taurus,f71v,otchy,f94v,2,False,HighFreq
Taurus,f71v,otchy,f19r,1,True,Label
Taurus,f71v,otam,f48v,2,False,HighFreq
Taurus,f71v,otaiin,f51v,2,True,Label
Taurus,f71v,otaiin,f38r,2,False,HighFreq
Taurus,f71v,otaiin,f4v,1,True,Label
Taurus,f71v,otaiin,f36v,2,False,HighFreq
Taurus,f71v,otaiin,f21r,2,False,HighFreq
Taurus,f71v,otaiin,f22v,2,False,HighFreq
Taurus,f71v,otaiin,f101r,2,False,HighFreq
Taurus,f71v,okal,f55v,2,False,HighFreq
Taurus,f71v,okal,f55r,2,False,HighFreq
Taurus,f71v,okal,f95v2,2,False,HighFreq
Taurus,f71v,okal,f33r,2,False,HighFreq
Taurus,f71v,okal,f54v,3,False,HighFreq
Taurus,f71v,okal,f57v,2,False,HighFreq
Taurus,f71v,okal,f95r2,2,False,HighFreq
Taurus,f71v,okal,f25r,1,True,Label
Taurus,f71v,okal,f58v,9,False,HighFreq
Taurus,f71v,okal,f50v,2,False,HighFreq
Taurus,f71v,okal,f17v,2,False,HighFreq
Taurus,f71v,okal,f40v,2,False,HighFreq
Taurus,f71v,oteey,f47v,1,True,Label
Taurus,f71v,oteey,f94v,3,False,HighFreq
Taurus,f71v,otor,f28r,2,False,HighFreq
Taurus,f71v,otor,f88r,1,True,Label
Taurus,f71v,otor,f23v,1,True,Label
Taurus,f71v,otor,f25r,1,True,Label
Taurus,f71v,otor,f89v1,1,True,Label
Taurus,f71v,otor,f17v,2,True,Label
Taurus,f71v,otar,f95v1,2,False,HighFreq
Taurus,f71v,otar,f58r,4,False,HighFreq
Taurus,f71v,otar,f88v,1,True,Label
Taurus,f71v,otar,f89v1,2,False,HighFreq
Taurus,f71v,otar,f48v,4,False,HighFreq
Taurus,f71v,otar,f94r,1,True,Label
Taurus,f71v,otar,f50v,2,False,HighFreq
Taurus,f71v,oty,f95v1,2,False,HighFreq
Taurus,f71v,oty,f9v,2,True,Label
Taurus,f71v,oty,f46v,3,False,HighFreq
Taurus,f71v,oty,f58r,2,False,HighFreq
Taurus,f71v,oty,f53r,3,False,HighFreq
Taurus,f71v,oty,f36v,3,True,Label
Taurus,f71v,oty,f52r,3,True,Label
Taurus,f71v,oty,f43r,3,False,HighFreq
Taurus,f71v,oty,f22r,2,False,HighFreq
Taurus,f71v,okeey,f53v,1,True,Label
Taurus,f71v,okeey,f38v,2,True,Label
Taurus,f71v,okeey,f102r2,2,False,HighFreq
Taurus,f71v,okeey,f99r,5,False,HighFreq
Taurus,f71v,okeey,f101v,4,False,HighFreq
Taurus,f71v,okeey,f31v,2,False,HighFreq
Taurus,f71v,okeey,f102v2,2,False,HighFreq
Taurus,f71v,okeey,f89r2,3,False,HighFreq
Taurus,f71v,okeey,f41v,2,False,HighFreq
Taurus,f71v,okeey,f101r,5,False,HighFreq
Taurus,f72r1,okalal,f58r,2,False,HighFreq
Taurus,f72r1,o,f38v,1,True,Label
Taurus,f72r1,o,f49v,3,True,Label
Taurus,f72r1,o,f54r,2,True,Label
Taurus,f72r1,o,f57v,7,True,Label
Taurus,f72r1,o,f31v,2,False,HighFreq
Taurus,f72r1,o,f28v,2,False,HighFreq
Taurus,f72r1,o,f49r,1,True,Label
Taurus,f72r1,o,f89r2,1,True,Label
Taurus,f72r1,o,f14r,1,True,Label
Taurus,f72r1,o,f35r,1,True,Label
Taurus,f72r1,o,f66r,6,True,Label
Taurus,f72r1,o,f40v,2,False,HighFreq
Taurus,f72r1,otey,f58r,3,False,HighFreq
Taurus,f72r1,chokshor,f14v,1,True,Label
Taurus,f72r1,okoiin,f20v,1,True,Label
Taurus,f72r1,okoiin,f99v,2,True,Label
Taurus,f72r1,ochol,f20r,1,True,Label
Taurus,f72r1,ochol,f49r,1,True,Label
Taurus,f72r1,ochol,f93r,1,True,Label
Taurus,f72r1,chokeol,f32r,1,True,Label
Taurus,f72r1,okaiin,f55v,2,False,HighFreq
Taurus,f72r1,okaiin,f55r,2,False,HighFreq
Taurus,f72r1,okaiin,f45r,2,True,Label
Taurus,f72r1,okaiin,f36r,1,True,Label
Taurus,f72r1,okaiin,f33r,3,False,HighFreq
Taurus,f72r1,okaiin,f15r,1,True,Label
Taurus,f72r1,okaiin,f23v,2,False,HighFreq
Taurus,f72r1,okaiin,f88v,1,True,Label
Taurus,f72r1,okaiin,f36v,1,True,Label
Taurus,f72r1,okaiin,f39v,3,False,HighFreq
Taurus,f72r1,okaiin,f16v,2,False,HighFreq
Taurus,f72r1,okaiin,f89r1,1,True,Label
Taurus,f72r1,okaiin,f21r,1,True,Label
Taurus,f72r1,okaiin,f34r,2,False,HighFreq
Taurus,f72r1,okaiin,f40r,4,False,HighFreq
Taurus,f72r1,okaiin,f50v,3,False,HighFreq
Taurus,f72r1,okaiin,f29v,3,False,HighFreq
Taurus,f72r1,okaiin,f40v,4,False,HighFreq
Taurus,f72r1,oteeo,f96r,1,True,Label
Taurus,f72r1,ydal,f24v,1,True,Label
Taurus,f72r1,oaiin,f55v,1,True,Label
Taurus,f72r1,oaiin,f26r,1,True,Label
Taurus,f72r1,oaiin,f51r,1,True,Label
Taurus,f72r1,oaiin,f49v,3,True,Label
Taurus,f72r1,oaiin,f54v,1,True,Label
Taurus,f72r1,oaiin,f101v,1,True,Label
Taurus,f72r1,oaiin,f35v,1,True,Label
Taurus,f72r1,oteedy,f66r,2,False,HighFreq
Taurus,f72r1,otchor,f28r,2,True,Label
Taurus,f72r1,otchor,f15r,1,True,Label
Taurus,f72r1,otchor,f3r,1,True,Label
Taurus,f72r1,otchor,f11v,1,True,Label
Taurus,f72r1,otchor,f35r,2,True,Label
Taurus,f72r1,otchor,f15v,1,True,Label
Taurus,f72r1,otain,f95v1,2,False,HighFreq
Taurus,f72r1,otain,f95v2,2,False,HighFreq
Taurus,f72r1,otain,f5r,1,True,Label
Taurus,f72r1,otam,f48v,2,False,HighFreq
Taurus,f72r1,otaiin,f51v,2,True,Label
Taurus,f72r1,otaiin,f38r,2,False,HighFreq
Taurus,f72r1,otaiin,f4v,1,True,Label
Taurus,f72r1,otaiin,f36v,2,False,HighFreq
Taurus,f72r1,otaiin,f21r,2,False,HighFreq
Taurus,f72r1,otaiin,f22v,2,False,HighFreq
Taurus,f72r1,otaiin,f101r,2,False,HighFreq
Taurus,f72r1,oteey,f47v,1,True,Label
Taurus,f72r1,oteey,f94v,3,False,HighFreq
Taurus,f72r1,otor,f28r,2,False,HighFreq
Taurus,f72r1,otor,f88r,1,True,Label
Taurus,f72r1,otor,f23v,1,True,Label
Taurus,f72r1,otor,f25r,1,True,Label
Taurus,f72r1,otor,f89v1,1,True,Label
Taurus,f72r1,otor,f17v,2,True,Label
Taurus,f72r1,otar,f95v1,2,False,HighFreq
Taurus,f72r1,otar,f58r,4,False,HighFreq
Taurus,f72r1,otar,f88v,1,True,Label
Taurus,f72r1,otar,f89v1,2,False,HighFreq
Taurus,f72r1,otar,f48v,4,False,HighFreq
Taurus,f72r1,otar,f94r,1,True,Label
Taurus,f72r1,otar,f50v,2,False,HighFreq
Taurus,f72r1,okeor,f102v2,2,False,HighFreq
Taurus,f72r1,okeor,f58v,3,False,HighFreq
Taurus,f72r1,okeor,f17v,2,False,HighFreq
Taurus,f72r1,okeedy,f46r,1,True,Label
Taurus,f72r1,okeedy,f31r,2,False,HighFreq
Taurus,f72r1,okeey,f53v,1,True,Label
Taurus,f72r1,okeey,f38v,2,True,Label
Taurus,f72r1,okeey,f102r2,2,False,HighFreq
Taurus,f72r1,okeey,f99r,5,False,HighFreq
Taurus,f72r1,okeey,f101v,4,False,HighFreq
Taurus,f72r1,okeey,f31v,2,False,HighFreq
Taurus,f72r1,okeey,f102v2,2,False,HighFreq
Taurus,f72r1,okeey,f89r2,3,False,HighFreq
Taurus,f72r1,okeey,f41v,2,False,HighFreq
Taurus,f72r1,okeey,f101r,5,False,HighFreq
Gemini,f72r2,okeal,f58r,2,False,HighFreq
Gemini,f72r2,otey,f58r,3,False,HighFreq
Gemini,f72r2,otchey,f56r,1,True,Label
Gemini,f72r2,otchey,f30v,1,True,Label
Gemini,f72r2,otchey,f54r,2,False,HighFreq
Gemini,f72r2,okar,f55v,2,True,Label
Gemini,f72r2,okar,f55r,3,False,HighFreq
Gemini,f72r2,okar,f23r,1,True,Label
Gemini,f72r2,okar,f89v2,2,False,HighFreq
Gemini,f72r2,okar,f95v2,2,False,HighFreq
Gemini,f72r2,okar,f33v,2,False,HighFreq
Gemini,f72r2,okar,f8r,1,True,Label
Gemini,f72r2,okar,f39v,2,False,HighFreq
Gemini,f72r2,okar,f95r2,2,False,HighFreq
Gemini,f72r2,okar,f50r,2,False,HighFreq
Gemini,f72r2,okar,f40r,3,False,HighFreq
Gemini,f72r2,okar,f48v,2,False,HighFreq
Gemini,f72r2,okar,f58v,4,True,Label
Gemini,f72r2,okar,f40v,3,False,HighFreq
Gemini,f72r2,okam,f89v2,1,True,Label
Gemini,f72r2,okam,f34v,2,False,HighFreq
Gemini,f72r2,salal,f58v,1,True,Label
Gemini,f72r2,otal,f95v1,2,True,Label
Gemini,f72r2,otal,f58r,4,False,HighFreq
Gemini,f72r2,otal,f99v,1,True,Label
Gemini,f72r2,otal,f66v,2,False,HighFreq
Gemini,f72r2,otal,f58v,5,False,HighFreq
Gemini,f72r2,okeol,f102r2,3,False,HighFreq
Gemini,f72r2,okeol,f99r,6,False,HighFreq
Gemini,f72r2,okeol,f99v,4,False,HighFreq
Gemini,f72r2,okeol,f102v2,3,False,HighFreq
Gemini,f72r2,okeol,f89r2,3,False,HighFreq
Gemini,f72r2,okeol,f93r,1,True,Label
Gemini,f72r2,okeol,f100v,2,False,HighFreq
Gemini,f72r2,okeol,f17v,2,False,HighFreq
Gemini,f72r2,okeol,f101r,5,False,HighFreq
Gemini,f72r2,okaiin,f55v,2,False,HighFreq
Gemini,f72r2,okaiin,f55r,2,False,HighFreq
Gemini,f72r2,okaiin,f45r,2,True,Label
Gemini,f72r2,okaiin,f36r,1,True,Label
Gemini,f72r2,okaiin,f33r,3,False,HighFreq
Gemini,f72r2,okaiin,f15r,1,True,Label
Gemini,f72r2,okaiin,f23v,2,False,HighFreq
Gemini,f72r2,okaiin,f88v,1,True,Label
Gemini,f72r2,okaiin,f36v,1,True,Label
Gemini,f72r2,okaiin,f39v,3,False,HighFreq
Gemini,f72r2,okaiin,f16v,2,False,HighFreq
Gemini,f72r2,okaiin,f89r1,1,True,Label
Gemini,f72r2,okaiin,f21r,1,True,Label
Gemini,f72r2,okaiin,f34r,2,False,HighFreq
Gemini,f72r2,okaiin,f40r,4,False,HighFreq
Gemini,f72r2,okaiin,f50v,3,False,HighFreq
Gemini,f72r2,okaiin,f29v,3,False,HighFreq
Gemini,f72r2,okaiin,f40v,4,False,HighFreq
Gemini,f72r2,okaly,f58v,4,False,HighFreq
Gemini,f72r2,teodal,f88v,1,True,Label
Gemini,f72r2,teodal,f66v,1,True,Label
Gemini,f72r2,okaldy,f58v,2,False,HighFreq
Gemini,f72r2,ol,f95v1,2,False,HighFreq
Gemini,f72r2,ol,f55v,3,False,HighFreq
Gemini,f72r2,ol,f55r,2,False,HighFreq
Gemini,f72r2,ol,f23r,3,False,HighFreq
Gemini,f72r2,ol,f88r,2,False,HighFreq
Gemini,f72r2,ol,f102v1,3,False,HighFreq
Gemini,f72r2,ol,f4v,1,True,Label
Gemini,f72r2,ol,f56v,1,True,Label
Gemini,f72r2,ol,f102r2,2,False,HighFreq
Gemini,f72r2,ol,f32r,3,False,HighFreq
Gemini,f72r2,ol,f43v,1,True,Label
Gemini,f72r2,ol,f88v,2,False,HighFreq
Gemini,f72r2,ol,f54r,5,False,HighFreq
Gemini,f72r2,ol,f3r,2,False,HighFreq
Gemini,f72r2,ol,f101v,3,False,HighFreq
Gemini,f72r2,ol,f95r1,3,True,Label
Gemini,f72r2,ol,f95r2,2,False,HighFreq
Gemini,f72r2,ol,f32v,1,True,Label
Gemini,f72r2,ol,f24r,2,False,HighFreq
Gemini,f72r2,ol,f99v,3,True,Label
Gemini,f72r2,ol,f89v1,2,False,HighFreq
Gemini,f72r2,ol,f102v2,5,False,HighFreq
Gemini,f72r2,ol,f35v,1,True,Label
Gemini,f72r2,ol,f22r,2,True,Label
Gemini,f72r2,ol,f89r2,5,False,HighFreq
Gemini,f72r2,ol,f40r,3,False,HighFreq
Gemini,f72r2,ol,f93r,2,True,Label
Gemini,f72r2,ol,f58v,3,False,HighFreq
Gemini,f72r2,ol,f41v,2,False,HighFreq
Gemini,f72r2,ol,f94v,3,True,Label
Gemini,f72r2,ol,f100v,3,False,HighFreq
Gemini,f72r2,ol,f66r,7,True,Label
Gemini,f72r2,ol,f39r,2,False,HighFreq
Gemini,f72r2,ol,f17v,4,False,HighFreq
Gemini,f72r2,ol,f40v,3,False,HighFreq
Gemini,f72r2,ol,f101r,6,False,HighFreq
Gemini,f72r2,otair,f89v2,1,True,Label
Gemini,f72r2,otaiin,f51v,2,True,Label
Gemini,f72r2,otaiin,f38r,2,False,HighFreq
Gemini,f72r2,otaiin,f4v,1,True,Label
Gemini,f72r2,otaiin,f36v,2,False,HighFreq
Gemini,f72r2,otaiin,f21r,2,False,HighFreq
Gemini,f72r2,otaiin,f22v,2,False,HighFreq
Gemini,f72r2,otaiin,f101r,2,False,HighFreq
Gemini,f72r2,otam,f48v,2,False,HighFreq
Gemini,f72r2,okal,f55v,2,False,HighFreq
Gemini,f72r2,okal,f55r,2,False,HighFreq
Gemini,f72r2,okal,f95v2,2,False,HighFreq
Gemini,f72r2,okal,f33r,2,False,HighFreq
Gemini,f72r2,okal,f54v,3,False,HighFreq
Gemini,f72r2,okal,f57v,2,False,HighFreq
Gemini,f72r2,okal,f95r2,2,False,HighFreq
Gemini,f72r2,okal,f25r,1,True,Label
Gemini,f72r2,okal,f58v,9,False,HighFreq
Gemini,f72r2,okal,f50v,2,False,HighFreq
Gemini,f72r2,okal,f17v,2,False,HighFreq
Gemini,f72r2,okal,f40v,2,False,HighFreq
Gemini,f72r2,oteey,f47v,1,True,Label
Gemini,f72r2,oteey,f94v,3,False,HighFreq
Gemini,f72r2,otar,f95v1,2,False,HighFreq
Gemini,f72r2,otar,f58r,4,False,HighFreq
Gemini,f72r2,otar,f88v,1,True,Label
Gemini,f72r2,otar,f89v1,2,False,HighFreq
Gemini,f72r2,otar,f48v,4,False,HighFreq
Gemini,f72r2,otar,f94r,1,True,Label
Gemini,f72r2,otar,f50v,2,False,HighFreq
Gemini,f72r2,okeey,f53v,1,True,Label
Gemini,f72r2,okeey,f38v,2,True,Label
Gemini,f72r2,okeey,f102r2,2,False,HighFreq
Gemini,f72r2,okeey,f99r,5,False,HighFreq
Gemini,f72r2,okeey,f101v,4,False,HighFreq
Gemini,f72r2,okeey,f31v,2,False,HighFreq
Gemini,f72r2,okeey,f102v2,2,False,HighFreq
Gemini,f72r2,okeey,f89r2,3,False,HighFreq
Gemini,f72r2,okeey,f41v,2,False,HighFreq
Gemini,f72r2,okeey,f101r,5,False,HighFreq
Cancer,f72r3,o,f38v,1,True,Label
Cancer,f72r3,o,f49v,3,True,Label
Cancer,f72r3,o,f54r,2,True,Label
Cancer,f72r3,o,f57v,7,True,Label
Cancer,f72r3,o,f31v,2,False,HighFreq
Cancer,f72r3,o,f28v,2,False,HighFreq
Cancer,f72r3,o,f49r,1,True,Label
Cancer,f72r3,o,f89r2,1,True,Label
Cancer,f72r3,o,f14r,1,True,Label
Cancer,f72r3,o,f35r,1,True,Label
Cancer,f72r3,o,f66r,6,True,Label
Cancer,f72r3,o,f40v,2,False,HighFreq
Cancer,f72r3,oro,f99r,1,True,Label
Cancer,f72r3,okeody,f102v1,2,True,Label
Cancer,f72r3,okeody,f102r2,2,False,HighFreq
Cancer,f72r3,okeody,f66r,2,False,HighFreq
Cancer,f72r3,okeeol,f99v,2,False,HighFreq
Cancer,f72r3,okeeol,f101r,1,True,Label
Cancer,f72r3,oiin,f102v2,2,False,HighFreq
Cancer,f72r3,okeos,f102v2,1,True,Label
Cancer,f72r3,okeey,f53v,1,True,Label
Cancer,f72r3,okeey,f38v,2,True,Label
Cancer,f72r3,okeey,f102r2,2,False,HighFreq
Cancer,f72r3,okeey,f99r,5,False,HighFreq
Cancer,f72r3,okeey,f101v,4,False,HighFreq
Cancer,f72r3,okeey,f31v,2,False,HighFreq
Cancer,f72r3,okeey,f102v2,2,False,HighFreq
Cancer,f72r3,okeey,f89r2,3,False,HighFreq
Cancer,f72r3,okeey,f41v,2,False,HighFreq
Cancer,f72r3,okeey,f101r,5,False,HighFreq
Cancer,f72r3,aloly,f99r,1,True,Label
Cancer,f72r3,otal,f95v1,2,True,Label
Cancer,f72r3,otal,f58r,4,False,HighFreq
Cancer,f72r3,otal,f99v,1,True,Label
Cancer,f72r3,otal,f66v,2,False,HighFreq
Cancer,f72r3,otal,f58v,5,False,HighFreq
Cancer,f72r3,ochey,f56v,1,True,Label
Cancer,f72r3,ochey,f5r,1,True,Label
Cancer,f72r3,oteol,f100r,1,True,Label
Cancer,f72r3,oteol,f3r,1,True,Label
Cancer,f72r3,oteol,f99v,1,True,Label
Cancer,f72r3,oteol,f34r,1,True,Label
Cancer,f72r3,oteol,f39r,1,True,Label
Cancer,f72r3,oteol,f101r,2,False,HighFreq
Cancer,f72r3,eedy,f26r,2,False,HighFreq
Cancer,f72r3,okos,f99r,1,True,Label
Cancer,f72r3,okar,f55v,2,True,Label
Cancer,f72r3,okar,f55r,3,False,HighFreq
Cancer,f72r3,okar,f23r,1,True,Label
Cancer,f72r3,okar,f89v2,2,False,HighFreq
Cancer,f72r3,okar,f95v2,2,False,HighFreq
Cancer,f72r3,okar,f33v,2,False,HighFreq
Cancer,f72r3,okar,f8r,1,True,Label
Cancer,f72r3,okar,f39v,2,False,HighFreq
Cancer,f72r3,okar,f95r2,2,False,HighFreq
Cancer,f72r3,okar,f50r,2,False,HighFreq
Cancer,f72r3,okar,f40r,3,False,HighFreq
Cancer,f72r3,okar,f48v,2,False,HighFreq
Cancer,f72r3,okar,f58v,4,True,Label
Cancer,f72r3,okar,f40v,3,False,HighFreq
Cancer,f72r3,oteody,f88v,2,False,HighFreq
Cancer,f72r3,oteody,f48v,1,True,Label
Cancer,f72r3,okaiin,f55v,2,False,HighFreq
Cancer,f72r3,okaiin,f55r,2,False,HighFreq
Cancer,f72r3,okaiin,f45r,2,True,Label
Cancer,f72r3,okaiin,f36r,1,True,Label
Cancer,f72r3,okaiin,f33r,3,False,HighFreq
Cancer,f72r3,okaiin,f15r,1,True,Label
Cancer,f72r3,okaiin,f23v,2,False,HighFreq
Cancer,f72r3,okaiin,f88v,1,True,Label
Cancer,f72r3,okaiin,f36v,1,True,Label
Cancer,f72r3,okaiin,f39v,3,False,HighFreq
Cancer,f72r3,okaiin,f16v,2,False,HighFreq
Cancer,f72r3,okaiin,f89r1,1,True,Label
Cancer,f72r3,okaiin,f21r,1,True,Label
Cancer,f72r3,okaiin,f34r,2,False,HighFreq
Cancer,f72r3,okaiin,f40r,4,False,HighFreq
Cancer,f72r3,okaiin,f50v,3,False,HighFreq
Cancer,f72r3,okaiin,f29v,3,False,HighFreq
Cancer,f72r3,okaiin,f40v,4,False,HighFreq
Cancer,f72r3,oteo,f102v2,1,True,Label
Cancer,f72r3,arary,f58r,2,False,HighFreq
Cancer,f72r3,oteedy,f66r,2,False,HighFreq
Cancer,f72r3,oteey,f47v,1,True,Label
Cancer,f72r3,oteey,f94v,3,False,HighFreq
Cancer,f72r3,or,f55v,3,False,HighFreq
Cancer,f72r3,or,f90v1,2,False,HighFreq
Cancer,f72r3,or,f55r,7,False,HighFreq
Cancer,f72r3,or,f45v,2,True,Label
Cancer,f72r3,or,f96r,4,True,Label
Cancer,f72r3,or,f88r,5,False,HighFreq
Cancer,f72r3,or,f33r,3,False,HighFreq
Cancer,f72r3,or,f6r,2,True,Label
Cancer,f72r3,or,f46v,2,False,HighFreq
Cancer,f72r3,or,f6v,2,False,HighFreq
Cancer,f72r3,or,f58r,2,False,HighFreq
Cancer,f72r3,or,f3v,1,True,Label
Cancer,f72r3,or,f33v,4,False,HighFreq
Cancer,f72r3,or,f99r,2,False,HighFreq
Cancer,f72r3,or,f43v,4,False,HighFreq
Cancer,f72r3,or,f34v,3,False,HighFreq
Cancer,f72r3,or,f8r,1,True,Label
Cancer,f72r3,or,f54r,5,False,HighFreq
Cancer,f72r3,or,f54v,1,True,Label
Cancer,f72r3,or,f3r,2,False,HighFreq
Cancer,f72r3,or,f101v,7,True,Label
Cancer,f72r3,or,f39v,9,False,HighFreq
Cancer,f72r3,or,f95r1,3,False,HighFreq
Cancer,f72r3,or,f95r2,3,False,HighFreq
Cancer,f72r3,or,f32v,1,True,Label
Cancer,f72r3,or,f24r,2,True,Label
Cancer,f72r3,or,f31v,2,False,HighFreq
Cancer,f72r3,or,f10r,2,False,HighFreq
Cancer,f72r3,or,f99v,3,True,Label
Cancer,f72r3,or,f26v,3,False,HighFreq
Cancer,f72r3,or,f102v2,5,False,HighFreq
Cancer,f72r3,or,f9r,1,True,Label
Cancer,f72r3,or,f8v,1,True,Label
Cancer,f72r3,or,f34r,1,True,Label
Cancer,f72r3,or,f89r2,2,False,HighFreq
Cancer,f72r3,or,f18v,2,True,Label
Cancer,f72r3,or,f40r,3,True,Label
Cancer,f72r3,or,f48v,3,False,HighFreq
Cancer,f72r3,or,f102r1,1,True,Label
Cancer,f72r3,or,f94r,3,False,HighFreq
Cancer,f72r3,or,f58v,3,True,Label
Cancer,f72r3,or,f41v,2,False,HighFreq
Cancer,f72r3,or,f1r,3,False,HighFreq
Cancer,f72r3,or,f50v,2,False,HighFreq
Cancer,f72r3,or,f39r,2,False,HighFreq
Cancer,f72r3,or,f17v,4,False,HighFreq
Cancer,f72r3,or,f18r,1,True,Label
Cancer,f72r3,or,f19r,1,True,Label
Cancer,f72r3,or,f101r,6,False,HighFreq
Cancer,f72r3,oraiin,f101v,3,False,HighFreq
Cancer,f72r3,oral,f88r,1,True,Label
Cancer,f72r3,oral,f36r,1,True,Label
Cancer,f72r3,olol,f49r,1,True,Label
Cancer,f72r3,otaiin,f51v,2,True,Label
Cancer,f72r3,otaiin,f38r,2,False,HighFreq
Cancer,f72r3,otaiin,f4v,1,True,Label
Cancer,f72r3,otaiin,f36v,2,False,HighFreq
Cancer,f72r3,otaiin,f21r,2,False,HighFreq
Cancer,f72r3,otaiin,f22v,2,False,HighFreq
Cancer,f72r3,otaiin,f101r,2,False,HighFreq
Cancer,f72r3,okeeey,f99r,2,True,Label
Cancer,f72r3,olaiin,f102r2,3,False,HighFreq
Cancer,f72r3,olaiin,f101v,1,True,Label
Cancer,f72r3,olaiin,f101r,1,True,Label
Libra,f72v1,okeol,f102r2,3,False,HighFreq
Libra,f72v1,okeol,f99r,6,False,HighFreq
Libra,f72v1,okeol,f99v,4,False,HighFreq
Libra,f72v1,okeol,f102v2,3,False,HighFreq
Libra,f72v1,okeol,f89r2,3,False,HighFreq
Libra,f72v1,okeol,f93r,1,True,Label
Libra,f72v1,okeol,f100v,2,False,HighFreq
Libra,f72v1,okeol,f17v,2,False,HighFreq
Libra,f72v1,okeol,f101r,5,False,HighFreq
Libra,f72v1,okaly,f58v,4,False,HighFreq
Libra,f72v1,odal,f4r,1,True,Label
Libra,f72v1,okeey,f53v,1,True,Label
Libra,f72v1,okeey,f38v,2,True,Label
Libra,f72v1,okeey,f102r2,2,False,HighFreq
Libra,f72v1,okeey,f99r,5,False,HighFreq
Libra,f72v1,okeey,f101v,4,False,HighFreq
Libra,f72v1,okeey,f31v,2,False,HighFreq
Libra,f72v1,okeey,f102v2,2,False,HighFreq
Libra,f72v1,okeey,f89r2,3,False,HighFreq
Libra,f72v1,okeey,f41v,2,False,HighFreq
Libra,f72v1,okeey,f101r,5,False,HighFreq
Libra,f72v1,oees,f6v,2,True,Label
Libra,f72v1,oees,f93v,1,True,Label
Libra,f72v1,oees,f24r,1,True,Label
Libra,f72v1,otedy,f46v,2,False,HighFreq
Libra,f72v1,otedy,f43v,2,False,HighFreq
Libra,f72v1,otedy,f26v,2,False,HighFreq
Libra,f72v1,otedy,f34r,3,False,HighFreq
Libra,f72v1,otedy,f48v,4,False,HighFreq
Libra,f72v1,oteol,f100r,1,True,Label
Libra,f72v1,oteol,f3r,1,True,Label
Libra,f72v1,oteol,f99v,1,True,Label
Libra,f72v1,oteol,f34r,1,True,Label
Libra,f72v1,oteol,f39r,1,True,Label
Libra,f72v1,oteol,f101r,2,False,HighFreq
Libra,f72v1,otear,f100r,1,True,Label
Libra,f72v1,otey,f58r,3,False,HighFreq
Libra,f72v1,okeoly,f99r,2,True,Label
Libra,f72v1,oteody,f88v,2,False,HighFreq
Libra,f72v1,oteody,f48v,1,True,Label
Libra,f72v1,dals,f89r1,1,True,Label
Libra,f72v1,okedy,f31r,4,False,HighFreq
Libra,f72v1,okedy,f43v,2,False,HighFreq
Libra,f72v1,okedy,f41r,2,False,HighFreq
Libra,f72v1,okedy,f43r,2,False,HighFreq
Libra,f72v1,okedy,f41v,2,False,HighFreq
Libra,f72v1,okedy,f66r,4,False,HighFreq
Libra,f72v1,oteey,f47v,1,True,Label
Libra,f72v1,oteey,f94v,3,False,HighFreq
Libra,f72v1,otar,f95v1,2,False,HighFreq
Libra,f72v1,otar,f58r,4,False,HighFreq
Libra,f72v1,otar,f88v,1,True,Label
Libra,f72v1,otar,f89v1,2,False,HighFreq
Libra,f72v1,otar,f48v,4,False,HighFreq
Libra,f72v1,otar,f94r,1,True,Label
Libra,f72v1,otar,f50v,2,False,HighFreq
Libra,f72v1,ocheos,f102v2,1,True,Label
Libra,f72v1,alshey,f48r,1,True,Label
Libra,f72v1,oteod,f43v,1,True,Label
Leo,f72v3,ok,f102v2,1,True,Label
Leo,f72v3,okeol,f102r2,3,False,HighFreq
Leo,f72v3,okeol,f99r,6,False,HighFreq
Leo,f72v3,okeol,f99v,4,False,HighFreq
Leo,f72v3,okeol,f102v2,3,False,HighFreq
Leo,f72v3,okeol,f89r2,3,False,HighFreq
Leo,f72v3,okeol,f93r,1,True,Label
Leo,f72v3,okeol,f100v,2,False,HighFreq
Leo,f72v3,okeol,f17v,2,False,HighFreq
Leo,f72v3,okeol,f101r,5,False,HighFreq
Leo,f72v3,okaly,f58v,4,False,HighFreq
Leo,f72v3,otaly,f88r,1,True,Label
Leo,f72v3,otaly,f58r,2,False,HighFreq
Leo,f72v3,otaly,f99v,1,True,Label
Leo,f72v3,okeeol,f99v,2,False,HighFreq
Leo,f72v3,okeeol,f101r,1,True,Label
Leo,f72v3,oreeey,f58v,1,True,Label
Leo,f72v3,okeos,f102v2,1,True,Label
Leo,f72v3,oky,f102r2,2,False,HighFreq
Leo,f72v3,oky,f19v,2,False,HighFreq
Leo,f72v3,oky,f99r,2,True,Label
Leo,f72v3,oky,f43v,2,False,HighFreq
Leo,f72v3,oky,f36v,1,True,Label
Leo,f72v3,oky,f52r,1,True,Label
Leo,f72v3,oky,f24r,2,False,HighFreq
Leo,f72v3,oky,f102v2,2,False,HighFreq
Leo,f72v3,oky,f40r,3,False,HighFreq
Leo,f72v3,okeey,f53v,1,True,Label
Leo,f72v3,okeey,f38v,2,True,Label
Leo,f72v3,okeey,f102r2,2,False,HighFreq
Leo,f72v3,okeey,f99r,5,False,HighFreq
Leo,f72v3,okeey,f101v,4,False,HighFreq
Leo,f72v3,okeey,f31v,2,False,HighFreq
Leo,f72v3,okeey,f102v2,2,False,HighFreq
Leo,f72v3,okeey,f89r2,3,False,HighFreq
Leo,f72v3,okeey,f41v,2,False,HighFreq
Leo,f72v3,okeey,f101r,5,False,HighFreq
Leo,f72v3,okary,f99r,2,True,Label
Leo,f72v3,odair,f57r,1,True,Label
Leo,f72v3,okol,f45v,1,True,Label
Leo,f72v3,okol,f23r,2,True,Label
Leo,f72v3,okol,f88r,2,True,Label
Leo,f72v3,okol,f1v,2,True,Label
Leo,f72v3,okol,f102r2,2,True,Label
Leo,f72v3,okol,f101v,1,True,Label
Leo,f72v3,okol,f44v,1,True,Label
Leo,f72v3,okol,f99v,5,False,HighFreq
Leo,f72v3,okol,f89v1,4,False,HighFreq
Leo,f72v3,okol,f89r2,1,True,Label
Leo,f72v3,okol,f17v,2,False,HighFreq
Leo,f72v3,okol,f2r,1,True,Label
Leo,f72v3,okol,f101r,2,False,HighFreq
Leo,f72v3,oteor,f31r,1,True,Label
Leo,f72v3,okey,f102r2,2,False,HighFreq
Leo,f72v3,okey,f102v2,6,False,HighFreq
Leo,f72v3,okey,f58v,2,False,HighFreq
Leo,f72v3,okey,f41v,2,False,HighFreq
Leo,f72v3,otey,f58r,3,False,HighFreq
Leo,f72v3,oteody,f88v,2,False,HighFreq
Leo,f72v3,oteody,f48v,1,True,Label
Leo,f72v3,oteey,f47v,1,True,Label
Leo,f72v3,oteey,f94v,3,False,HighFreq
Leo,f72v3,oty,f95v1,2,False,HighFreq
Leo,f72v3,oty,f9v,2,True,Label
Leo,f72v3,oty,f46v,3,False,HighFreq
Leo,f72v3,oty,f58r,2,False,HighFreq
Leo,f72v3,oty,f53r,3,False,HighFreq
Leo,f72v3,oty,f36v,3,True,Label
Leo,f72v3,oty,f52r,3,True,Label
Leo,f72v3,oty,f43r,3,False,HighFreq
Leo,f72v3,oty,f22r,2,False,HighFreq
Leo,f72v3,or,f55v,3,False,HighFreq
Leo,f72v3,or,f90v1,2,False,HighFreq
Leo,f72v3,or,f55r,7,False,HighFreq
Leo,f72v3,or,f45v,2,True,Label
Leo,f72v3,or,f96r,4,True,Label
Leo,f72v3,or,f88r,5,False,HighFreq
Leo,f72v3,or,f33r,3,False,HighFreq
Leo,f72v3,or,f6r,2,True,Label
Leo,f72v3,or,f46v,2,False,HighFreq
Leo,f72v3,or,f6v,2,False,HighFreq
Leo,f72v3,or,f58r,2,False,HighFreq
Leo,f72v3,or,f3v,1,True,Label
Leo,f72v3,or,f33v,4,False,HighFreq
Leo,f72v3,or,f99r,2,False,HighFreq
Leo,f72v3,or,f43v,4,False,HighFreq
Leo,f72v3,or,f34v,3,False,HighFreq
Leo,f72v3,or,f8r,1,True,Label
Leo,f72v3,or,f54r,5,False,HighFreq
Leo,f72v3,or,f54v,1,True,Label
Leo,f72v3,or,f3r,2,False,HighFreq
Leo,f72v3,or,f101v,7,True,Label
Leo,f72v3,or,f39v,9,False,HighFreq
Leo,f72v3,or,f95r1,3,False,HighFreq
Leo,f72v3,or,f95r2,3,False,HighFreq
Leo,f72v3,or,f32v,1,True,Label
Leo,f72v3,or,f24r,2,True,Label
Leo,f72v3,or,f31v,2,False,HighFreq
Leo,f72v3,or,f10r,2,False,HighFreq
Leo,f72v3,or,f99v,3,True,Label
Leo,f72v3,or,f26v,3,False,HighFreq
Leo,f72v3,or,f102v2,5,False,HighFreq
Leo,f72v3,or,f9r,1,True,Label
Leo,f72v3,or,f8v,1,True,Label
Leo,f72v3,or,f34r,1,True,Label
Leo,f72v3,or,f89r2,2,False,HighFreq
Leo,f72v3,or,f18v,2,True,Label
Leo,f72v3,or,f40r,3,True,Label
Leo,f72v3,or,f48v,3,False,HighFreq
Leo,f72v3,or,f102r1,1,True,Label
Leo,f72v3,or,f94r,3,False,HighFreq
Leo,f72v3,or,f58v,3,True,Label
Leo,f72v3,or,f41v,2,False,HighFreq
Leo,f72v3,or,f1r,3,False,HighFreq
Leo,f72v3,or,f50v,2,False,HighFreq
Leo,f72v3,or,f39r,2,False,HighFreq
Leo,f72v3,or,f17v,4,False,HighFreq
Leo,f72v3,or,f18r,1,True,Label
Leo,f72v3,or,f19r,1,True,Label
Leo,f72v3,or,f101r,6,False,HighFreq
Leo,f72v3,okam,f89v2,1,True,Label
Leo,f72v3,okam,f34v,2,False,HighFreq
Leo,f72v3,okolo,f99r,1,True,Label
Leo,f72v3,okaldy,f58v,2,False,HighFreq
Leo,f72v3,otchy,f19v,1,True,Label
Leo,f72v3,otchy,f2v,1,True,Label
Leo,f72v3,otchy,f14v,2,False,HighFreq
Leo,f72v3,otchy,f13v,4,True,Label
Leo,f72v3,otchy,f94v,2,False,HighFreq
Leo,f72v3,otchy,f19r,1,True,Label
Leo,f72v3,okeeey,f99r,2,True,Label
Leo,f72v3,olaiin,f102r2,3,False,HighFreq
Leo,f72v3,olaiin,f101v,1,True,Label
Leo,f72v3,olaiin,f101r,1,True,Label
Sagittarius,f73v,okey,f102r2,2,False,HighFreq
Sagittarius,f73v,okey,f102v2,6,False,HighFreq
Sagittarius,f73v,okey,f58v,2,False,HighFreq
Sagittarius,f73v,okey,f41v,2,False,HighFreq
Sagittarius,f73v,otey,f58r,3,False,HighFreq
Sagittarius,f73v,oteody,f88v,2,False,HighFreq
Sagittarius,f73v,oteody,f48v,1,True,Label
Sagittarius,f73v,okeody,f102v1,2,True,Label
Sagittarius,f73v,okeody,f102r2,2,False,HighFreq
Sagittarius,f73v,okeody,f66r,2,False,HighFreq
Sagittarius,f73v,okol,f45v,1,True,Label
Sagittarius,f73v,okol,f23r,2,True,Label
Sagittarius,f73v,okol,f88r,2,True,Label
Sagittarius,f73v,okol,f1v,2,True,Label
Sagittarius,f73v,okol,f102r2,2,True,Label
Sagittarius,f73v,okol,f101v,1,True,Label
Sagittarius,f73v,okol,f44v,1,True,Label
Sagittarius,f73v,okol,f99v,5,False,HighFreq
Sagittarius,f73v,okol,f89v1,4,False,HighFreq
Sagittarius,f73v,okol,f89r2,1,True,Label
Sagittarius,f73v,okol,f17v,2,False,HighFreq
Sagittarius,f73v,okol,f2r,1,True,Label
Sagittarius,f73v,okol,f101r,2,False,HighFreq
Sagittarius,f73v,okeos,f102v2,1,True,Label
Sagittarius,f73v,okal,f55v,2,False,HighFreq
Sagittarius,f73v,okal,f55r,2,False,HighFreq
Sagittarius,f73v,okal,f95v2,2,False,HighFreq
Sagittarius,f73v,okal,f33r,2,False,HighFreq
Sagittarius,f73v,okal,f54v,3,False,HighFreq
Sagittarius,f73v,okal,f57v,2,False,HighFreq
Sagittarius,f73v,okal,f95r2,2,False,HighFreq
Sagittarius,f73v,okal,f25r,1,True,Label
Sagittarius,f73v,okal,f58v,9,False,HighFreq
Sagittarius,f73v,okal,f50v,2,False,HighFreq
Sagittarius,f73v,okal,f17v,2,False,HighFreq
Sagittarius,f73v,okal,f40v,2,False,HighFreq
Sagittarius,f73v,oky,f102r2,2,False,HighFreq
Sagittarius,f73v,oky,f19v,2,False,HighFreq
Sagittarius,f73v,oky,f99r,2,True,Label
Sagittarius,f73v,oky,f43v,2,False,HighFreq
Sagittarius,f73v,oky,f36v,1,True,Label
Sagittarius,f73v,oky,f52r,1,True,Label
Sagittarius,f73v,oky,f24r,2,False,HighFreq
Sagittarius,f73v,oky,f102v2,2,False,HighFreq
Sagittarius,f73v,oky,f40r,3,False,HighFreq
Sagittarius,f73v,otedy,f46v,2,False,HighFreq
Sagittarius,f73v,otedy,f43v,2,False,HighFreq
Sagittarius,f73v,otedy,f26v,2,False,HighFreq
Sagittarius,f73v,otedy,f34r,3,False,HighFreq
Sagittarius,f73v,otedy,f48v,4,False,HighFreq
Sagittarius,f73v,opaiin,f58v,2,False,HighFreq
Sagittarius,f73v,oty,f95v1,2,False,HighFreq
Sagittarius,f73v,oty,f9v,2,True,Label
Sagittarius,f73v,oty,f46v,3,False,HighFreq
Sagittarius,f73v,oty,f58r,2,False,HighFreq
Sagittarius,f73v,oty,f53r,3,False,HighFreq
Sagittarius,f73v,oty,f36v,3,True,Label
Sagittarius,f73v,oty,f52r,3,True,Label
Sagittarius,f73v,oty,f43r,3,False,HighFreq
Sagittarius,f73v,oty,f22r,2,False,HighFreq
Sagittarius,f73v,okeod,f49v,1,True,Label
